City,Area_Type,Size_sqft,Bedrooms,Kitchens,Bathrooms,Age_years,Price_INR
Kolkata,Budget,4519,2,1,3,21,12577860.53
Chennai,Budget,4727,5,2,2,0,23041889.67
Hyderabad,Standard,1429,3,2,1,11,8445427.93
Kolkata,Budget,3512,5,2,2,18,11977033.7
Bangalore,Standard,2005,1,2,1,21,12560844.96
Ahmedabad,Premium,3444,3,1,4,41,16540985.32
Hyderabad,Budget,3319,2,2,2,43,7988200.56
Hyderabad,Standard,1684,1,2,1,47,5849604.77
Kolkata,Budget,788,4,2,4,16,5047143.68
Delhi,Budget,2311,2,2,3,12,16968720.53
Bangalore,Premium,1027,5,2,3,38,12035617.47
Kolkata,Budget,1416,2,1,1,27,4087162.63
Bangalore,Standard,2208,4,2,5,2,18757660.1
Bangalore,Standard,4074,2,1,3,4,32223328.77
Ahmedabad,Standard,3819,1,2,2,35,11818339.67
Hyderabad,Budget,1906,2,2,2,14,8155884.35
Chennai,Premium,1741,3,1,3,16,18620730.16
Ahmedabad,Standard,3633,4,2,1,43,10629213.29
Ahmedabad,Standard,1298,2,2,3,45,4395774.08
Bangalore,Budget,2023,4,2,3,28,10521460.9
Pune,Standard,4607,1,2,2,3,30751899.2
Hyderabad,Premium,3388,3,2,4,31,26909259.29
Delhi,Standard,3190,5,2,4,48,19760829.77
Ahmedabad,Standard,4591,2,1,3,42,12220561.8
Chennai,Budget,1741,1,2,2,37,5667676.59
Pune,Standard,1190,4,2,5,3,11252704.84
Pune,Standard,1027,4,1,3,12,8195406.13
Delhi,Budget,1995,1,2,1,19,13207715.73
Ahmedabad,Premium,4325,2,2,3,46,18427691.74
Chennai,Budget,3393,5,2,3,17,14075167.03
Hyderabad,Standard,1392,2,2,3,48,4858453.12
Mumbai,Budget,886,3,1,4,41,7530660.96
Chennai,Standard,1749,2,1,2,36,8000368.36
Delhi,Premium,3028,3,1,4,11,49792936.9
Pune,Budget,4028,4,1,3,24,15123234.32
Hyderabad,Budget,1397,3,2,3,29,5862132.64
Chennai,Budget,1210,5,2,1,14,6753389.01
Mumbai,Premium,4195,1,1,2,35,73958322.0
Mumbai,Budget,3186,3,1,4,7,34719650.44
Bangalore,Budget,915,2,2,3,27,5416468.99
Bangalore,Standard,1971,3,2,2,21,15650045.51
Kolkata,Budget,4680,4,2,4,48,8565400.69
Delhi,Budget,4762,3,2,4,37,21822077.03
Ahmedabad,Standard,2931,5,1,3,15,11716632.93
Chennai,Premium,3015,3,1,3,4,31513488.59
Chennai,Standard,1595,5,2,3,45,6749628.48
Ahmedabad,Premium,1309,2,2,3,33,8151038.41
Kolkata,Standard,3544,4,2,2,48,9595553.27
Pune,Standard,1492,1,2,2,37,7654455.36
Pune,Premium,1781,2,2,2,10,18594637.81
Kolkata,Standard,4870,2,1,2,1,24093888.32
Pune,Premium,2273,1,1,2,24,23111428.12
Bangalore,Budget,4061,3,1,4,24,18010971.64
Chennai,Budget,4316,3,2,2,0,20389707.62
Kolkata,Premium,2256,3,2,3,30,15274330.1
Chennai,Budget,2873,4,2,2,4,14849075.9
Ahmedabad,Standard,3076,2,2,3,39,8964274.22
Mumbai,Standard,1391,5,1,5,3,23096076.34
Bangalore,Premium,4684,1,2,2,4,69212600.74
Hyderabad,Standard,1207,2,2,3,4,8745032.98
Bangalore,Budget,2897,3,1,4,15,14920699.8
Kolkata,Budget,4982,1,1,2,17,15322882.98
Hyderabad,Premium,2634,5,2,3,42,17462726.99
Mumbai,Premium,2854,2,1,3,16,66662466.71
Kolkata,Standard,1476,2,2,3,34,6242162.35
Delhi,Standard,1234,4,1,4,17,13175085.44
Chennai,Standard,2968,2,2,2,3,17578589.43
Mumbai,Standard,3040,2,2,1,30,33223727.08
Chennai,Budget,1132,5,1,2,30,5880556.74
Pune,Budget,4768,5,1,2,8,23818870.86
Delhi,Standard,4599,1,1,2,30,36143180.65
Delhi,Budget,3401,3,2,1,4,22681341.95
Mumbai,Standard,2163,5,1,3,35,22186566.16
Delhi,Standard,2515,1,2,2,15,22875203.33
Hyderabad,Standard,3681,2,2,3,41,13559321.98
Delhi,Standard,4563,1,2,2,40,27001847.71
Chennai,Budget,3130,1,1,2,15,12991110.44
Chennai,Standard,4372,1,2,2,19,20954974.26
Kolkata,Standard,1554,1,2,2,29,5428051.03
Chennai,Standard,880,5,2,5,25,7671514.7
Kolkata,Premium,3582,3,2,2,48,16031963.91
Chennai,Budget,2891,1,1,2,30,10194088.86
Hyderabad,Standard,2092,4,2,4,49,7264424.54
Ahmedabad,Standard,4761,2,2,1,14,16360730.02
Kolkata,Standard,3247,2,1,2,40,10320324.42
Bangalore,Standard,2889,2,2,3,37,17017593.26
Pune,Premium,4053,2,2,3,37,31211189.24
Mumbai,Standard,3527,2,2,3,42,29236874.67
Chennai,Standard,1707,1,2,2,19,9804214.45
Delhi,Budget,4353,3,1,2,34,20192083.0
Ahmedabad,Budget,1044,4,1,2,22,4692580.2
Chennai,Budget,3581,5,1,2,43,9927021.56
Delhi,Standard,4163,4,1,1,46,25487382.56
Pune,Standard,2739,5,2,4,38,13259506.84
Pune,Premium,2867,5,2,2,24,28696655.45
Pune,Budget,4273,4,2,5,49,12432055.08
Delhi,Standard,3127,1,2,2,21,23508850.65
Chennai,Standard,4431,2,2,1,46,16313034.77
Pune,Standard,2974,1,2,2,7,17972747.99
Hyderabad,Premium,3630,2,2,3,8,34092532.15
Kolkata,Standard,4007,3,1,4,14,17646500.27
Delhi,Premium,596,5,2,4,47,8365975.81
Delhi,Budget,4358,4,1,2,19,24327890.49
Chennai,Standard,3208,3,1,3,34,14456853.58
Delhi,Premium,3836,2,2,3,36,46898488.71
Delhi,Standard,956,1,1,2,2,10157979.43
Pune,Premium,4868,4,1,1,33,38166049.55
Chennai,Standard,3487,5,1,5,33,16532166.72
Pune,Budget,4588,3,2,1,35,14121305.51
Kolkata,Premium,4384,5,1,5,34,25779433.99
Ahmedabad,Budget,1531,2,1,2,8,5799800.26
Kolkata,Premium,707,5,2,3,29,7155300.45
Ahmedabad,Standard,2437,1,2,2,25,8242244.29
Pune,Budget,1646,3,2,4,11,9463402.52
Kolkata,Standard,4799,3,2,4,23,16975458.9
Chennai,Premium,3064,1,2,2,40,20963730.34
Mumbai,Standard,942,5,2,1,18,15651072.48
Pune,Standard,1332,1,2,2,43,5572660.65
Ahmedabad,Budget,1961,4,2,3,15,7527205.66
Hyderabad,Standard,4016,1,2,2,25,18619012.04
Ahmedabad,Budget,1659,5,2,4,22,6810469.29
Hyderabad,Budget,886,1,1,2,32,3084438.55
Delhi,Standard,2541,2,2,3,41,15157998.17
Kolkata,Budget,3053,1,2,2,29,7835733.28
Hyderabad,Standard,2218,1,2,2,22,10246664.83
Ahmedabad,Budget,4550,5,1,5,9,15641174.93
Delhi,Premium,3909,4,2,5,35,47516787.78
Mumbai,Standard,1189,4,2,2,30,15605064.29
Chennai,Standard,1669,5,2,1,42,7248479.81
Chennai,Standard,1452,5,2,5,21,9954921.17
Chennai,Standard,3996,5,1,2,42,15943359.61
Hyderabad,Budget,4417,2,2,2,42,10198660.91
Mumbai,Premium,2984,3,2,4,37,53509387.48
Hyderabad,Premium,2354,1,2,2,46,12834384.02
Kolkata,Budget,3939,5,2,2,1,14896880.07
Hyderabad,Standard,3731,5,1,4,22,17466572.45
Mumbai,Budget,3097,5,1,1,34,22738390.12
Mumbai,Budget,4483,4,1,4,36,34864664.48
Kolkata,Budget,2691,5,1,1,31,7176106.04
Mumbai,Budget,3135,1,1,2,42,21181853.97
Ahmedabad,Standard,1156,5,2,3,11,7256282.52
Mumbai,Premium,4312,1,2,2,34,78788729.14
Chennai,Budget,3840,2,2,3,40,11024978.85
Ahmedabad,Standard,4411,3,2,4,2,21847415.96
Ahmedabad,Premium,2296,4,1,4,33,13863500.87
Kolkata,Standard,4863,1,2,2,37,16160050.76
Bangalore,Budget,2262,2,1,3,23,11877253.08
Bangalore,Standard,4972,3,1,4,37,25607051.92
Mumbai,Standard,3785,3,2,1,16,54216935.36
Ahmedabad,Standard,2085,3,2,3,39,7385705.09
Bangalore,Standard,4063,1,2,2,0,31440735.66
Bangalore,Standard,2940,2,2,3,7,25838163.29
Mumbai,Standard,3600,5,1,4,14,51162783.87
Bangalore,Premium,3744,2,2,3,49,31033254.14
Hyderabad,Budget,1540,2,1,1,44,4506154.82
Delhi,Standard,3627,2,1,3,24,31279883.71
Kolkata,Budget,2773,1,2,2,7,10251952.92
Delhi,Budget,4129,1,1,2,31,19182690.65
Mumbai,Standard,2614,1,2,2,49,19281827.5
Chennai,Standard,2177,2,2,1,12,12078781.04
Kolkata,Standard,3594,1,1,2,45,8773594.32
Mumbai,Budget,1498,3,1,2,14,14966502.92
Ahmedabad,Standard,2784,1,2,2,5,12445854.72
Chennai,Standard,2089,4,1,5,32,10454211.59
Delhi,Standard,1661,1,2,2,6,17773452.14
Mumbai,Standard,3020,1,2,2,32,33862538.03
Ahmedabad,Premium,4355,1,1,1,46,18053068.77
Kolkata,Standard,1194,1,2,2,28,4914023.73
Kolkata,Budget,4912,4,2,4,37,11403610.03
Pune,Standard,4298,5,2,2,36,18608303.17
Ahmedabad,Standard,4183,1,1,2,43,10208262.76
Hyderabad,Standard,2471,3,2,2,31,11590062.06
Bangalore,Budget,2003,4,2,1,2,13869002.23
Chennai,Premium,3749,5,2,3,19,37378763.63
Ahmedabad,Budget,4718,1,2,2,13,12376274.69
Pune,Standard,3742,5,2,2,27,18551047.16
Bangalore,Standard,2368,3,1,4,37,14308627.25
Bangalore,Premium,2171,4,2,4,3,31737811.22
Mumbai,Premium,1582,4,1,3,14,40140367.0
Bangalore,Standard,2228,5,2,3,16,19180492.3
Hyderabad,Standard,4351,1,2,2,36,15100785.52
Kolkata,Budget,2642,2,2,3,23,8261775.2
Pune,Premium,1648,4,2,4,37,14830617.5
Bangalore,Standard,753,2,1,3,41,4905674.25
Mumbai,Standard,4602,4,2,5,40,40507203.12
Hyderabad,Premium,4042,1,1,2,35,28532259.95
Delhi,Premium,3275,1,2,2,40,33325953.7
Kolkata,Standard,3833,4,2,4,7,19278317.68
Kolkata,Standard,4684,5,2,1,2,23620060.88
Pune,Standard,3779,1,2,1,29,17341238.35
Kolkata,Standard,4808,1,2,2,21,17553400.2
Bangalore,Standard,3381,3,1,2,32,18553856.82
Mumbai,Premium,765,1,2,2,24,16587678.5
Kolkata,Standard,2840,3,2,2,29,9840970.19
Kolkata,Budget,3648,1,2,2,36,8961084.94
Delhi,Standard,3859,1,1,2,2,36369791.57
Delhi,Standard,1504,5,2,1,3,19163235.74
Chennai,Standard,2594,5,2,5,28,15187591.58
Hyderabad,Budget,3771,1,2,2,31,10945842.41
Bangalore,Budget,709,4,1,4,22,5512403.5
Kolkata,Standard,1387,4,2,1,18,7120306.21
Ahmedabad,Budget,653,1,1,2,14,2863238.43
Kolkata,Premium,4093,4,2,1,15,31604075.05
Mumbai,Premium,914,1,2,1,22,22093823.8
Chennai,Budget,3924,5,1,1,39,11680789.27
Hyderabad,Budget,1784,2,2,2,45,5251261.87
Ahmedabad,Premium,3648,3,1,4,36,18282721.49
Chennai,Standard,1268,4,2,3,0,11600937.29
Pune,Premium,1482,4,2,3,18,15599098.29
Hyderabad,Standard,3702,5,2,3,36,15820525.36
Kolkata,Budget,4026,4,2,4,34,10993407.75
Kolkata,Standard,3287,1,1,2,29,11708596.33
Hyderabad,Standard,2710,1,2,2,16,13634206.0
Kolkata,Standard,1538,2,2,1,38,5605907.62
Bangalore,Premium,4432,2,2,3,48,32541927.13
Hyderabad,Standard,1041,2,2,1,25,5752321.29
Chennai,Standard,858,1,1,1,12,5468924.79
Hyderabad,Budget,1349,2,1,3,21,5400379.04
Ahmedabad,Budget,3044,2,1,3,45,6052491.86
Kolkata,Premium,2331,1,2,2,22,14564661.02
Bangalore,Budget,1972,5,1,2,43,7585132.43
Bangalore,Budget,1936,4,2,3,42,8097136.45
Pune,Budget,829,3,2,2,32,4599071.61
Chennai,Standard,4854,1,1,2,26,22777072.47
Delhi,Standard,4738,1,2,2,34,34467870.05
Delhi,Standard,4508,3,2,4,11,42852253.13
Hyderabad,Premium,1888,3,2,2,8,20608948.43
Pune,Standard,4685,2,2,1,33,20856300.08
Mumbai,Standard,1219,3,2,4,13,19592624.46
Hyderabad,Standard,3735,4,1,5,36,14959161.62
Pune,Budget,2631,4,2,4,2,15240871.16
Chennai,Standard,1600,4,2,3,43,6823046.27
Chennai,Premium,1172,4,1,4,43,9737083.76
Chennai,Budget,1016,4,1,2,20,5798336.96
Chennai,Budget,3032,2,2,3,6,15045880.91
Chennai,Budget,4170,1,2,2,32,12174081.52
Pune,Budget,1281,3,2,4,34,5262742.49
Pune,Standard,4023,1,2,2,10,24074355.15
Bangalore,Budget,4058,3,2,4,44,14397774.7
Ahmedabad,Premium,2886,2,2,3,31,16814502.09
Delhi,Standard,2089,2,2,3,21,17867983.46
Kolkata,Standard,2001,5,1,2,41,6869364.85
Chennai,Premium,4294,5,1,5,18,40094871.79
Mumbai,Premium,4818,2,2,2,35,89352079.49
Kolkata,Standard,3580,2,2,2,36,11210740.45
Pune,Budget,1576,3,2,4,10,9932324.61
Mumbai,Standard,1600,2,2,3,40,14698134.25
Mumbai,Premium,1002,1,1,2,12,26122092.11
Mumbai,Budget,1839,3,2,4,27,16502055.77
Bangalore,Standard,4385,2,2,3,48,18350779.61
Pune,Standard,1123,3,1,2,14,8583952.87
Mumbai,Standard,2386,3,1,1,12,32906287.84
Chennai,Standard,3850,4,2,3,42,15810460.66
Hyderabad,Standard,1550,5,2,4,32,8723182.29
Mumbai,Budget,4272,3,1,3,7,40525785.29
Bangalore,Standard,4416,3,2,1,31,27728737.61
Kolkata,Standard,4518,4,2,1,36,15341145.1
Pune,Budget,1829,2,2,1,47,5665682.48
Ahmedabad,Budget,4614,3,2,4,3,15184321.28
Bangalore,Premium,3867,4,1,3,17,45659835.82
Mumbai,Premium,4451,1,2,2,22,91609312.54
Pune,Premium,2997,4,1,1,28,29218413.8
Hyderabad,Standard,2073,5,2,4,1,16475548.64
Mumbai,Standard,3134,5,1,1,12,43849192.39
Bangalore,Premium,3268,2,2,3,15,40185421.27
Delhi,Budget,1711,2,2,1,7,13402787.32
Chennai,Standard,1275,5,2,1,18,9456670.25
Ahmedabad,Standard,1660,5,2,5,31,7878158.91
Kolkata,Standard,2883,3,2,4,2,14097135.14
Bangalore,Standard,3154,5,2,4,48,13663266.99
Pune,Premium,4040,2,1,3,31,32956694.65
Ahmedabad,Standard,1595,5,2,4,40,5739319.83
Ahmedabad,Budget,523,2,1,2,20,2685933.53
Ahmedabad,Standard,4056,1,2,2,24,13558722.92
Mumbai,Standard,1579,5,2,5,16,24858086.01
Chennai,Standard,4818,2,1,1,24,21616767.07
Mumbai,Premium,678,4,2,3,32,14996183.01
Pune,Premium,3347,3,1,1,30,29273912.53
Mumbai,Standard,2460,2,1,3,35,24414868.15
Delhi,Standard,1973,5,1,4,22,18259567.05
Chennai,Premium,1712,5,2,1,46,11975890.44
Chennai,Budget,1309,1,2,2,43,4299459.58
Pune,Budget,919,4,2,5,24,5388319.79
Kolkata,Budget,4159,2,1,1,48,8083481.47
Delhi,Budget,4316,4,2,1,43,20623845.19
Bangalore,Standard,1778,1,2,2,47,8720029.69
Mumbai,Budget,3023,3,1,4,29,25539885.9
Hyderabad,Premium,1940,4,2,4,12,18771196.75
Mumbai,Budget,1840,1,2,2,42,12131324.74
Ahmedabad,Budget,2721,2,2,3,46,5520537.38
Mumbai,Budget,2892,3,2,4,28,24441477.1
Bangalore,Budget,1861,5,1,2,15,11312362.48
Mumbai,Standard,1091,1,2,2,37,12245652.14
Delhi,Standard,1026,5,2,5,26,10656125.74
Delhi,Standard,3003,3,1,1,25,26280018.6
Chennai,Standard,1792,1,1,2,10,10894219.59
Pune,Premium,2154,1,2,2,46,15265029.54
Kolkata,Standard,687,3,2,2,36,3751778.84
Hyderabad,Budget,3258,2,1,2,2,14407403.61
Ahmedabad,Premium,1028,1,2,2,25,6027888.7
Mumbai,Budget,933,3,1,4,33,7603709.46
Mumbai,Budget,4012,4,2,2,32,31185760.16
Bangalore,Budget,2304,5,1,2,14,14988539.1
Pune,Budget,802,1,2,2,1,5200725.13
Delhi,Standard,4682,4,1,1,27,34102581.09
Hyderabad,Budget,937,1,2,2,19,3988281.97
Chennai,Budget,3088,2,2,2,37,9663148.41
Delhi,Premium,1332,3,2,2,43,15384256.0
Ahmedabad,Standard,1296,1,2,2,15,6199206.1
Pune,Budget,1059,3,2,4,45,4269841.15
Ahmedabad,Standard,4088,1,2,2,3,16814314.78
Kolkata,Standard,1261,2,2,3,7,7359890.82
Chennai,Standard,4074,2,2,1,43,15815439.41
Kolkata,Premium,4285,4,2,1,45,20796213.44
Bangalore,Standard,3014,2,2,3,19,20571261.34
Ahmedabad,Budget,1184,3,1,1,25,3857735.79
Bangalore,Standard,4733,2,2,3,31,29064029.4
Mumbai,Premium,1077,1,1,1,12,24174338.8
Kolkata,Premium,727,2,2,3,4,7415340.1
Pune,Standard,2828,3,2,3,43,11182868.59
Ahmedabad,Budget,3231,1,2,2,41,6776020.79
Hyderabad,Standard,1327,4,2,1,12,8158139.78
Chennai,Standard,930,4,2,2,40,5413825.84
Delhi,Standard,1563,4,1,4,10,17296716.76
Pune,Standard,2209,1,1,1,36,10090518.58
Pune,Budget,1734,4,2,2,31,7909774.52
Bangalore,Budget,801,2,2,3,44,3669422.67
Kolkata,Premium,1920,1,2,2,41,9860962.15
Ahmedabad,Standard,1268,1,2,2,17,5224248.15
Ahmedabad,Premium,1904,1,1,2,28,10944192.35
Mumbai,Standard,943,5,1,5,14,16759311.1
Mumbai,Standard,3604,3,2,3,19,49874176.4
Chennai,Premium,4855,5,2,3,43,33295181.36
Bangalore,Standard,3805,5,1,3,35,23782892.44
Pune,Standard,2038,5,2,5,4,18196926.93
Ahmedabad,Budget,4430,3,1,4,39,9692626.06
Hyderabad,Budget,1831,5,2,4,36,6878410.86
Bangalore,Premium,569,4,1,1,32,7247251.57
Chennai,Budget,3935,1,2,1,17,16072620.84
Chennai,Standard,980,1,2,1,18,6087787.91
Bangalore,Standard,4594,2,1,3,31,28380453.89
Chennai,Budget,3996,4,2,1,41,10666997.56
Bangalore,Budget,3293,3,1,4,21,15604623.66
Delhi,Budget,3392,1,1,2,40,14499772.99
Bangalore,Standard,1698,5,1,2,0,15737486.23
Kolkata,Standard,2872,2,2,3,24,12428641.4
Bangalore,Budget,2392,2,1,1,19,11381962.55
Chennai,Standard,2383,1,2,1,34,10412417.61
Ahmedabad,Standard,1297,4,2,5,44,4513260.48
Kolkata,Standard,517,2,2,3,5,4003430.11
Chennai,Standard,543,1,1,2,5,4021155.57
Mumbai,Standard,654,4,2,5,49,7499611.25
Mumbai,Premium,3948,1,1,2,36,73088292.45
Ahmedabad,Budget,4580,1,2,2,48,7707024.28
Ahmedabad,Premium,1925,4,2,5,2,18535315.11
Kolkata,Standard,4820,4,2,2,36,17243365.35
Delhi,Standard,4812,4,2,3,30,35590430.67
Ahmedabad,Premium,4139,1,2,2,34,19946591.53
Mumbai,Premium,4626,2,1,2,44,68278397.71
Bangalore,Premium,2392,3,2,4,14,29134374.14
Chennai,Budget,1397,3,2,1,16,6558252.32
Mumbai,Standard,3924,1,2,2,14,50404698.83
Mumbai,Budget,1758,1,2,1,4,17211760.16
Delhi,Standard,2515,2,2,1,21,22919669.57
Kolkata,Standard,2202,4,2,5,45,7946861.63
Kolkata,Standard,1373,1,2,2,10,6567191.97
Pune,Standard,1065,5,1,4,27,8146241.7
Delhi,Budget,2518,4,2,3,13,19192010.1
Bangalore,Standard,2385,1,1,2,38,12158703.29
Kolkata,Standard,2623,5,1,5,2,15894120.42
Chennai,Budget,2814,2,1,3,41,7753910.0
Ahmedabad,Budget,4912,5,2,5,10,14687259.08
Delhi,Budget,4383,1,2,2,29,22870434.67
Ahmedabad,Standard,3692,3,1,1,37,10433539.35
Mumbai,Budget,2359,1,2,2,4,23393655.93
Chennai,Standard,524,3,2,3,21,4608037.4
Chennai,Standard,4003,2,2,3,12,25145425.06
Mumbai,Standard,4755,2,2,3,43,43848752.65
Delhi,Standard,1637,4,2,3,20,16403956.98
Mumbai,Premium,1689,4,1,3,36,32640894.24
Ahmedabad,Standard,4596,3,2,3,24,16807834.6
Pune,Budget,3657,3,2,3,20,13985912.93
Chennai,Standard,2867,2,2,3,27,15366478.62
Hyderabad,Premium,4977,5,2,2,40,33754035.5
Hyderabad,Premium,2241,3,1,4,3,22958396.06
Ahmedabad,Budget,4188,3,2,1,28,10205539.42
Bangalore,Standard,4246,5,2,5,46,21029548.94
Kolkata,Standard,1397,4,1,4,34,5739063.27
Mumbai,Budget,4523,4,2,4,22,37742067.04
Mumbai,Budget,1216,3,1,4,6,13068502.79
Bangalore,Standard,4467,4,2,3,45,22973590.66
Bangalore,Standard,4521,4,1,2,45,19346141.13
Ahmedabad,Budget,3715,4,2,1,8,11705421.73
Ahmedabad,Standard,890,2,2,3,22,4113829.17
Bangalore,Premium,4384,1,2,2,2,66901689.88
Chennai,Budget,2199,3,2,4,8,12113917.09
Ahmedabad,Standard,3537,3,1,2,3,16056780.49
Pune,Standard,732,2,1,2,48,3116081.54
Ahmedabad,Standard,2426,1,2,2,24,8614088.41
Mumbai,Premium,3631,1,1,2,5,99372442.18
Ahmedabad,Premium,3806,2,2,3,47,16375072.77
Chennai,Budget,3224,5,1,3,17,14740619.61
Bangalore,Premium,733,5,2,1,44,7416237.86
Mumbai,Standard,1891,1,2,1,6,25507825.64
Ahmedabad,Standard,3392,5,1,3,34,10412637.18
Chennai,Premium,1755,5,2,5,30,17607974.51
Pune,Budget,3038,5,2,2,37,11161192.32
Ahmedabad,Standard,4190,1,2,2,31,13173679.66
Chennai,Standard,1389,5,2,2,34,8433814.01
Pune,Standard,1245,3,1,2,27,8043611.05
Bangalore,Standard,2219,1,1,2,43,10194239.31
Ahmedabad,Premium,927,2,2,3,4,7766409.23
Pune,Budget,1231,5,2,2,29,7011159.55
Mumbai,Budget,1299,4,2,4,21,14757972.13
Bangalore,Standard,4797,1,1,2,16,33691595.92
Mumbai,Standard,1335,2,2,3,9,21795816.33
Hyderabad,Budget,634,3,2,4,6,4751165.39
Delhi,Budget,3038,2,1,3,3,20722948.59
Ahmedabad,Standard,4218,5,2,2,41,12019039.94
Pune,Standard,540,4,1,2,26,4881402.46
Delhi,Standard,3867,5,2,1,6,40672072.76
Delhi,Budget,2915,2,1,3,22,17875716.51
Pune,Budget,2540,1,1,2,10,10373260.19
Bangalore,Premium,4839,4,1,4,7,65216220.37
Ahmedabad,Standard,3449,4,1,3,7,16892114.83
Hyderabad,Budget,4761,2,2,2,36,12059403.0
Mumbai,Budget,3966,5,2,5,4,45901374.23
Chennai,Budget,3588,2,1,1,6,16383200.23
Mumbai,Budget,1615,4,1,3,21,16417935.81
Chennai,Standard,3090,2,1,1,35,14300685.01
Mumbai,Standard,4073,4,1,2,1,62010221.69
Pune,Standard,3478,5,2,4,23,21154117.64
Hyderabad,Premium,2947,1,2,2,1,28507897.18
Ahmedabad,Standard,1730,1,2,2,47,4373089.09
Chennai,Budget,3166,2,2,3,11,13769227.91
Ahmedabad,Premium,4758,4,2,3,46,19073461.4
Ahmedabad,Budget,3094,1,2,1,41,6356558.14
Ahmedabad,Standard,3930,4,2,3,25,14803569.44
Kolkata,Budget,3417,5,2,2,37,8597404.38
Bangalore,Premium,3452,2,1,2,44,26687085.44
Mumbai,Standard,2495,4,2,1,5,36592473.02
Ahmedabad,Standard,4391,2,2,2,22,15635269.42
Mumbai,Standard,806,4,2,3,1,16125276.04
Ahmedabad,Budget,1862,4,2,1,25,6014008.37
Chennai,Budget,2602,5,1,2,13,11314504.12
Bangalore,Premium,3530,2,1,2,17,41415507.42
Bangalore,Standard,832,3,1,3,37,5528580.54
Pune,Standard,3252,4,2,2,31,17108695.85
Kolkata,Standard,742,4,2,3,13,5400664.38
Pune,Budget,2384,1,2,2,29,8300008.01
Pune,Budget,1932,2,2,3,12,9258168.53
Pune,Standard,3050,3,2,4,39,14118782.15
Pune,Budget,802,5,1,2,30,4787303.37
Pune,Standard,4830,3,2,4,36,23448499.84
Hyderabad,Budget,3609,5,2,1,44,10010182.21
Bangalore,Standard,2686,3,2,4,37,15877064.93
Pune,Budget,4790,3,1,1,21,17499301.2
Ahmedabad,Budget,2050,2,2,3,27,5280602.27
Bangalore,Standard,2292,1,2,2,18,16298047.35
Bangalore,Budget,1146,3,2,4,42,4941220.49
Delhi,Premium,1212,4,1,5,15,20767994.58
Hyderabad,Standard,1037,4,2,4,4,7911065.04
Pune,Standard,734,4,2,3,43,4249788.26
Mumbai,Budget,2896,1,2,1,48,15203296.62
Chennai,Budget,2004,3,2,3,1,11668138.04
Kolkata,Budget,1874,5,2,3,9,8469885.8
Ahmedabad,Budget,2409,5,1,2,46,4918054.79
Mumbai,Standard,1415,2,2,1,18,17994929.8
Hyderabad,Budget,4458,1,1,2,19,15418100.48
Chennai,Standard,580,3,2,2,28,4517121.45
Hyderabad,Standard,2583,4,2,2,24,12082739.82
Ahmedabad,Premium,3188,1,2,2,16,21685431.99
Bangalore,Budget,2190,1,2,2,12,11798754.22
Chennai,Budget,1256,3,1,3,44,4452313.36
Bangalore,Standard,3170,2,2,3,15,24229548.29
Ahmedabad,Premium,4251,2,2,3,34,22924170.08
Mumbai,Budget,4052,2,2,3,35,30231908.29
Ahmedabad,Premium,967,4,2,3,38,5719598.68
Mumbai,Budget,1994,4,2,1,2,23352894.93
Chennai,Budget,1519,3,2,3,8,7795710.49
Chennai,Standard,1401,2,2,3,39,7077762.15
Pune,Standard,1172,3,2,1,49,4811173.43
Hyderabad,Budget,938,2,2,3,45,3145144.18
Pune,Budget,4722,1,2,2,28,15545400.28
Hyderabad,Standard,2576,5,2,4,4,16077649.24
Pune,Budget,944,5,2,5,2,8393371.54
Bangalore,Premium,1465,2,2,3,9,21170442.58
Chennai,Standard,4290,3,1,2,30,19067719.02
Mumbai,Budget,963,4,2,4,10,11152060.04
Hyderabad,Budget,2698,2,2,3,16,11072307.34
Ahmedabad,Premium,2787,2,2,3,39,12240162.24
Hyderabad,Budget,4265,4,2,1,40,11434499.42
Mumbai,Standard,3676,2,2,1,7,54358248.64
Pune,Standard,4508,1,2,2,1,30071399.52
Hyderabad,Premium,4004,4,2,3,3,38447878.82
Kolkata,Budget,1412,1,2,2,15,5336975.69
Bangalore,Premium,996,5,2,3,40,10444263.16
Chennai,Standard,1963,4,2,5,40,8552792.5
Mumbai,Standard,4753,4,1,4,20,60114324.05
Chennai,Budget,4767,3,2,4,4,19888461.88
Kolkata,Standard,993,3,2,1,34,4310021.11
Hyderabad,Budget,1926,4,2,5,13,10063525.03
Hyderabad,Standard,2192,5,2,5,14,15041015.45
Ahmedabad,Standard,2293,2,2,3,5,11001593.69
Kolkata,Standard,3223,3,2,4,15,13957502.05
Mumbai,Budget,1158,5,2,1,22,11382771.24
Ahmedabad,Budget,4962,5,2,3,30,12571366.71
Bangalore,Premium,1049,3,1,2,41,10019905.74
Ahmedabad,Standard,1142,2,2,3,45,3482129.73
Delhi,Premium,4850,3,2,2,11,84515869.24
Mumbai,Standard,707,5,1,3,40,7899228.45
Delhi,Standard,2997,1,2,2,18,24884874.08
Kolkata,Standard,4690,3,1,2,11,18922132.13
Pune,Standard,2383,5,1,1,44,10771126.2
Delhi,Standard,3386,3,2,2,12,30558722.56
Bangalore,Standard,977,5,1,2,48,5422275.3
Ahmedabad,Budget,1261,2,2,3,1,5450362.96
Pune,Standard,689,5,1,4,19,7033215.99
Ahmedabad,Premium,1255,4,1,3,30,8385309.75
Delhi,Budget,1946,1,2,2,8,12960322.05
Ahmedabad,Standard,2163,5,2,4,20,10592845.46
Kolkata,Standard,2335,3,2,3,7,11566762.7
Pune,Standard,4728,3,2,4,38,20486833.33
Kolkata,Standard,4650,5,2,1,36,15715089.5
Delhi,Premium,4560,4,2,4,28,62585017.97
Kolkata,Standard,4112,5,2,5,18,16937657.92
Bangalore,Budget,2189,2,1,3,34,9974000.88
Delhi,Standard,1816,4,2,4,44,12023931.04
Delhi,Standard,3686,5,1,5,37,28122360.85
Delhi,Standard,4520,1,1,2,25,36313399.16
Mumbai,Premium,4854,4,2,2,10,132538104.39
Ahmedabad,Standard,1645,5,2,3,35,6619824.32
Mumbai,Budget,4894,1,2,2,34,32397684.83
Mumbai,Premium,1060,5,1,1,3,32065779.37
Bangalore,Standard,2412,2,2,1,2,21822567.66
Pune,Standard,2364,3,2,4,44,10950787.57
Ahmedabad,Standard,796,5,1,2,46,3310464.66
Kolkata,Budget,2909,4,2,1,11,10670132.79
Hyderabad,Premium,3136,5,2,3,31,25689256.37
Delhi,Standard,1961,5,2,1,46,13273859.58
Kolkata,Premium,4792,5,2,1,25,28590012.03
Delhi,Budget,2768,5,2,4,42,13961558.05
Bangalore,Premium,1494,4,2,1,42,14388684.72
Delhi,Standard,507,4,2,5,12,6993806.78
Mumbai,Budget,3091,5,2,3,43,22381538.49
Ahmedabad,Budget,3015,3,2,4,37,7067391.98
Hyderabad,Standard,4915,5,2,5,28,23196611.26
Chennai,Standard,1917,4,2,2,18,12802058.72
Delhi,Standard,2816,2,1,3,34,18371950.0
Kolkata,Standard,4432,5,2,5,47,13650244.61
Mumbai,Standard,1787,5,1,2,40,18810634.85
Chennai,Standard,3344,5,2,3,26,18779730.65
Hyderabad,Standard,1618,5,1,3,45,6757463.28
Chennai,Standard,1052,1,1,2,30,4767775.35
Mumbai,Standard,1160,5,2,5,2,21788553.77
Ahmedabad,Budget,1215,4,2,5,34,4505354.84
Ahmedabad,Standard,4085,4,2,4,23,14903148.04
Pune,Premium,4261,1,1,2,6,47426706.99
Ahmedabad,Premium,3029,5,2,3,34,16811933.6
Pune,Budget,4470,3,2,4,20,19192897.39
Chennai,Standard,3907,5,2,2,0,28163958.05
Bangalore,Premium,1958,4,2,3,43,18886097.16
Kolkata,Standard,3767,2,2,3,5,18818363.03
Kolkata,Standard,1354,2,2,3,38,5453737.6
Chennai,Standard,4037,3,2,1,33,16426877.93
Delhi,Standard,2397,5,1,3,17,24247404.12
Delhi,Premium,772,1,1,2,24,11214311.5
Ahmedabad,Budget,4587,5,2,2,14,14136390.09
Kolkata,Standard,1772,3,2,4,46,5794191.06
Kolkata,Standard,4874,3,2,4,31,17051553.98
Pune,Budget,4519,3,1,4,41,13078818.4
Bangalore,Standard,1315,2,2,3,48,6177784.66
Mumbai,Standard,4871,5,2,4,49,36150403.76
Delhi,Standard,1422,5,2,1,17,14400252.27
Kolkata,Standard,1764,1,2,2,30,6111449.86
Pune,Budget,4224,3,2,1,28,14703603.26
Hyderabad,Budget,3287,3,2,4,14,12397014.11
Pune,Premium,3222,4,2,2,22,29262363.06
Delhi,Premium,4723,4,2,4,37,59961499.91
Delhi,Budget,3050,2,2,2,40,14497620.72
Pune,Budget,3449,5,2,5,10,19323394.72
Mumbai,Budget,2173,1,1,1,14,21072126.88
Chennai,Standard,3592,1,2,2,22,19217446.4
Delhi,Standard,3338,3,2,4,2,35947621.63
Pune,Budget,2166,1,1,2,18,8997591.7
Kolkata,Standard,2695,3,2,4,0,15113088.83
Pune,Standard,1884,5,2,4,23,11985413.57
Bangalore,Premium,4903,1,2,1,48,38570970.92
Chennai,Standard,4454,3,1,4,10,28488016.23
Hyderabad,Standard,3399,5,2,4,29,16948003.16
Mumbai,Standard,560,5,1,1,49,5769813.61
Ahmedabad,Budget,4447,3,2,3,10,14874408.08
Hyderabad,Standard,2790,3,1,3,38,12070015.27
Chennai,Budget,972,2,2,1,0,5874283.01
Chennai,Premium,1458,5,1,5,11,18664972.52
Chennai,Standard,1032,3,2,1,3,7421374.75
Hyderabad,Budget,993,5,2,1,24,4944334.45
Kolkata,Premium,581,1,1,2,7,4968001.24
Chennai,Premium,3470,4,2,3,14,36892482.63
Pune,Standard,511,4,1,3,42,3305199.11
Hyderabad,Premium,1261,3,2,4,29,9867559.25
Ahmedabad,Budget,3685,3,1,4,39,7324313.4
Chennai,Budget,525,5,2,2,31,3783947.83
Pune,Standard,2306,3,1,4,43,9954949.71
Kolkata,Standard,4657,5,2,5,34,15099879.62
Bangalore,Standard,4824,3,2,4,20,33186843.33
Kolkata,Budget,4159,5,2,3,30,11168005.58
Ahmedabad,Premium,2025,3,1,1,35,10290680.32
Chennai,Standard,1260,2,2,3,26,7687381.36
Ahmedabad,Standard,1094,5,2,1,43,4801409.29
Hyderabad,Standard,1555,2,2,3,7,9927554.32
Delhi,Standard,2354,2,2,3,22,19361530.92
Chennai,Budget,3583,2,2,3,22,14614840.81
Delhi,Premium,4416,2,1,1,41,47787205.62
Pune,Premium,4175,1,2,2,32,35813590.79
Bangalore,Budget,2548,4,2,2,12,14934373.32
Mumbai,Budget,1958,1,2,2,38,12862956.37
Ahmedabad,Premium,1719,3,2,3,34,10258930.69
Kolkata,Standard,4728,3,2,4,15,21227090.1
Bangalore,Standard,4681,4,1,1,11,35270597.55
Chennai,Standard,1999,4,2,3,30,10146446.07
Delhi,Standard,2330,4,2,2,4,26923525.41
Kolkata,Premium,3895,2,2,1,49,16243956.12
Delhi,Standard,1703,1,2,2,39,11662799.16
Hyderabad,Budget,4770,3,2,1,43,11505463.79
Delhi,Standard,3310,1,2,2,24,26151270.38
Hyderabad,Standard,3592,1,2,2,20,16023292.0
Pune,Premium,3544,1,1,1,2,42859640.65
Kolkata,Budget,4014,4,2,2,47,7836716.94
Kolkata,Budget,2298,4,1,3,9,9199855.94
Mumbai,Budget,3075,3,2,4,22,26504620.72
Chennai,Budget,644,3,2,1,16,4593834.67
Hyderabad,Budget,4426,3,2,2,41,12640531.52
Mumbai,Standard,1877,1,1,1,34,20217851.16
Delhi,Standard,3646,4,2,3,24,33058809.51
Delhi,Standard,2325,2,1,3,1,22974098.14
Mumbai,Budget,1293,1,2,2,26,12255144.83
Kolkata,Budget,2101,5,2,5,45,5427576.31
Delhi,Standard,4914,1,2,1,8,45620111.29
Ahmedabad,Premium,1610,4,1,1,48,6945249.91
Pune,Standard,4553,5,1,3,3,34909702.6
Pune,Budget,4437,1,2,1,25,16553947.75
Ahmedabad,Standard,4463,4,1,2,31,14456350.78
Mumbai,Standard,1282,4,2,4,28,17914612.8
Ahmedabad,Standard,1616,2,2,3,21,6998461.44
Hyderabad,Standard,2250,1,2,2,46,7711520.58
Hyderabad,Budget,3076,4,2,1,12,11712326.94
Mumbai,Standard,4527,3,2,4,22,59193822.15
Ahmedabad,Budget,3836,4,2,2,30,10522876.68
Hyderabad,Standard,4887,2,1,1,40,18594652.8
Kolkata,Standard,1987,4,2,2,35,7329020.74
Ahmedabad,Standard,4375,1,1,1,39,10666390.93
Kolkata,Budget,4131,1,1,1,30,9546070.13
Hyderabad,Standard,4692,5,2,1,14,24081027.58
Pune,Standard,4458,1,2,2,13,25484164.86
Hyderabad,Standard,3897,5,2,4,34,17071957.02
Kolkata,Budget,573,3,2,4,23,3844243.54
Bangalore,Premium,1859,2,1,3,29,22133535.52
Chennai,Budget,1591,3,2,4,29,6215361.68
Delhi,Standard,2441,5,2,2,26,19736300.13
Ahmedabad,Standard,3648,4,2,3,48,8798525.33
Bangalore,Premium,4803,4,1,3,39,42705202.81
Hyderabad,Standard,1744,3,1,1,13,9932421.6
Pune,Standard,1785,4,2,4,44,8215177.04
Mumbai,Premium,3536,5,1,5,46,58454520.24
Hyderabad,Standard,1270,2,1,2,10,7718213.85
Pune,Budget,2343,1,2,2,46,6634510.11
Chennai,Premium,573,5,1,1,43,5497825.79
Hyderabad,Budget,2160,5,2,5,25,9731197.93
Kolkata,Standard,4849,1,2,2,20,18965964.03
Mumbai,Standard,1319,1,1,2,8,20699459.04
Pune,Standard,4318,2,2,3,46,16750108.33
Pune,Premium,831,2,1,2,0,12278851.58
Pune,Premium,1921,2,1,3,43,13346068.59
Chennai,Premium,4155,4,1,2,5,41869139.94
Hyderabad,Premium,2191,5,2,5,0,27439044.03
Chennai,Standard,4908,1,1,2,21,23643026.6
Ahmedabad,Budget,727,5,2,1,12,4837206.32
Delhi,Budget,3381,5,2,4,37,18191496.68
Delhi,Standard,3365,2,2,3,48,17995907.34
Ahmedabad,Premium,3075,2,2,3,44,13644475.81
Hyderabad,Standard,964,5,2,3,40,5827815.42
Kolkata,Standard,777,2,2,2,39,3607544.09
Chennai,Standard,4614,4,2,3,30,22696960.16
Mumbai,Standard,565,1,2,2,14,9029282.21
Pune,Standard,4762,5,2,3,49,19078687.84
Pune,Standard,902,1,1,2,1,7322874.7
Hyderabad,Standard,4483,4,1,2,30,18535176.36
Kolkata,Budget,3978,2,2,3,25,10210104.51
Delhi,Budget,3944,3,1,4,1,29438694.43
Delhi,Standard,4919,4,2,5,10,43589854.61
Pune,Budget,3539,3,2,3,32,11803140.7
Hyderabad,Budget,1937,1,2,1,17,7923115.19
Chennai,Standard,928,5,2,1,20,7343962.49
Delhi,Standard,3182,2,1,3,30,25263874.35
Chennai,Standard,3277,4,1,5,25,17713687.69
Kolkata,Budget,3878,2,1,2,29,9719179.7
Delhi,Budget,892,3,2,4,38,5130878.44
Delhi,Premium,841,3,2,4,20,15745982.16
Bangalore,Standard,632,5,2,2,48,4067325.42
Delhi,Standard,764,3,1,4,15,8895771.87
Ahmedabad,Standard,4688,5,1,4,6,19339267.88
Mumbai,Premium,2185,4,2,2,21,46861731.18
Ahmedabad,Budget,1934,5,2,2,6,7853699.96
Hyderabad,Standard,2160,3,1,4,1,14489208.54
Hyderabad,Budget,4317,1,2,2,36,12494877.37
Chennai,Budget,2854,5,1,4,13,13928337.69
Ahmedabad,Budget,765,2,1,3,7,3882498.52
Ahmedabad,Standard,1636,1,2,2,28,6265360.07
Ahmedabad,Standard,1890,5,2,2,43,6618685.3
Kolkata,Premium,1612,2,2,1,6,14987938.86
Delhi,Standard,2734,1,2,2,37,17865382.24
Mumbai,Premium,3366,5,2,1,44,56595838.95
Chennai,Standard,3568,4,2,1,21,19682219.97
Ahmedabad,Standard,2679,2,1,3,43,6667042.37
Ahmedabad,Premium,1134,4,1,2,16,8284450.22
Bangalore,Premium,4131,3,1,3,15,49910505.93
Chennai,Premium,1899,5,2,2,32,15929037.04
Ahmedabad,Budget,3239,5,2,4,38,8583774.16
Chennai,Budget,3670,2,1,2,34,11840223.03
Delhi,Standard,2365,5,2,1,37,18524819.36
Bangalore,Premium,2455,3,1,4,31,26496800.67
Chennai,Premium,2718,5,2,2,2,33792635.05
Mumbai,Premium,1889,1,2,2,2,49140473.9
Mumbai,Premium,3630,4,2,1,7,97120504.01
Hyderabad,Budget,4776,3,2,4,45,12190911.08
Bangalore,Standard,4614,3,1,1,30,29136455.22
Bangalore,Standard,1749,4,2,2,8,15746456.6
Hyderabad,Premium,3666,4,2,3,4,39043530.22
Chennai,Standard,1745,3,1,3,27,8837122.78
Bangalore,Standard,553,4,1,5,14,6957181.08
Mumbai,Standard,3410,2,2,3,48,29619643.6
Mumbai,Standard,2896,4,2,4,26,35311420.05
Ahmedabad,Premium,942,1,2,2,41,4511005.74
Delhi,Standard,4111,1,2,2,30,28710619.27
Bangalore,Standard,4877,2,2,3,39,25018639.05
Chennai,Standard,2907,4,1,3,17,17482097.0
Hyderabad,Budget,1322,1,2,2,37,4002328.2
Hyderabad,Standard,4202,5,1,4,48,14835029.48
Chennai,Standard,3439,4,2,1,3,22148111.26
Kolkata,Standard,1531,2,2,2,20,6461366.99
Pune,Standard,2516,4,1,4,46,11122851.68
Delhi,Standard,1062,3,1,4,41,8024782.38
Hyderabad,Standard,3038,3,2,4,22,16218706.13
Bangalore,Budget,840,1,1,2,44,3206318.69
Delhi,Premium,4275,3,2,4,21,56995777.79
Bangalore,Standard,2796,2,1,3,0,22199167.19
Kolkata,Standard,734,1,1,1,24,3016375.97
Mumbai,Budget,1616,2,1,3,40,12011702.94
Delhi,Standard,2408,2,2,1,27,18142125.19
Ahmedabad,Standard,1917,3,1,4,36,7225910.0
Hyderabad,Premium,1791,3,2,3,10,19338049.35
Delhi,Standard,3988,2,2,1,21,33593349.87
Delhi,Premium,4154,3,1,2,24,64156943.31
Delhi,Standard,1028,3,2,4,20,10156632.82
Pune,Premium,3824,3,1,2,35,28471004.55
Delhi,Standard,2480,4,2,1,19,23416894.9
Bangalore,Standard,3439,2,2,1,15,23809380.6
Mumbai,Standard,1829,5,2,1,27,24505365.62
Kolkata,Budget,1733,2,2,3,28,6052730.18
Chennai,Standard,2253,1,1,2,49,8146313.63
Delhi,Standard,3300,3,2,4,25,29320042.09
Hyderabad,Standard,3433,3,1,4,39,13406816.55
Delhi,Premium,3259,5,2,4,1,64316206.74
Hyderabad,Budget,3275,1,2,1,48,6645623.01
Bangalore,Premium,3987,4,2,1,9,57676343.57
Hyderabad,Standard,4350,2,2,2,12,21454574.71
Ahmedabad,Standard,3027,4,2,4,14,14244657.56
Chennai,Standard,1390,1,2,2,8,9888431.05
Mumbai,Standard,2565,5,2,4,26,29553676.3
Hyderabad,Standard,1688,1,2,2,7,9182724.69
Hyderabad,Premium,4797,5,2,2,5,48284710.14
Mumbai,Budget,1240,4,2,2,35,11020180.72
Chennai,Standard,1869,4,2,1,49,7534000.64
Delhi,Budget,1889,1,2,2,23,11782964.86
Hyderabad,Budget,2500,1,2,2,2,11601777.61
Mumbai,Budget,1971,3,2,4,25,16546303.15
Ahmedabad,Standard,2036,5,2,1,35,7664640.84
Ahmedabad,Standard,818,3,2,3,20,4878578.7
Bangalore,Budget,2764,2,2,3,12,14478680.02
Mumbai,Standard,2394,2,2,3,10,33711986.82
Bangalore,Premium,4211,1,2,2,7,61863159.68
Ahmedabad,Budget,3322,4,1,5,45,7584880.34
Chennai,Budget,1775,2,2,3,45,5485945.12
Delhi,Standard,3583,2,2,3,47,21856820.29
Mumbai,Premium,900,3,1,4,13,21680769.63
Kolkata,Standard,1223,3,2,3,32,6108393.63
Ahmedabad,Budget,2829,2,2,3,1,9085136.14
Ahmedabad,Budget,1635,1,2,2,0,6111136.37
Kolkata,Standard,3270,3,2,2,10,14845897.51
Pune,Premium,767,2,2,2,5,11079718.36
Ahmedabad,Budget,1069,4,2,3,31,4031903.39
Hyderabad,Standard,3056,3,2,4,14,15293076.24
Chennai,Standard,2473,2,2,3,11,14904850.64
Mumbai,Budget,1045,5,2,1,36,8338077.62
Kolkata,Premium,3322,3,1,4,28,20353969.38
Hyderabad,Standard,4960,5,2,4,43,18283554.04
Kolkata,Premium,770,3,2,3,21,6770341.44
Mumbai,Standard,1238,3,2,2,45,10999324.96
Bangalore,Budget,1757,5,1,5,13,11048519.14
Mumbai,Standard,558,1,1,2,18,7274810.18
Pune,Budget,4681,2,2,1,4,22289283.42
Mumbai,Standard,889,1,1,2,34,9941343.0
Mumbai,Standard,1218,1,2,2,24,14883161.39
Pune,Standard,4744,2,2,2,49,15485704.4
Chennai,Standard,620,4,2,5,37,4747878.59
Ahmedabad,Standard,3152,1,2,1,8,12941539.05
Mumbai,Premium,2803,1,2,2,6,70827443.53
Pune,Standard,3411,1,1,2,17,18738983.14
Hyderabad,Standard,1299,4,2,3,1,9592085.27
Bangalore,Budget,3880,3,2,3,9,20656964.18
Bangalore,Standard,2606,5,2,2,43,13430843.11
Mumbai,Budget,1609,5,2,3,1,18519459.19
Chennai,Premium,1750,4,2,2,44,12108559.72
Chennai,Standard,3140,1,2,2,7,19300478.55
Hyderabad,Standard,2149,5,2,5,6,16286142.06
Mumbai,Standard,1845,4,1,4,34,20822651.67
Bangalore,Premium,3456,2,2,3,22,41539646.54
Chennai,Budget,2946,5,2,5,7,14935281.06
Mumbai,Budget,3864,2,2,2,20,31559932.48
Kolkata,Standard,984,1,1,2,32,3786425.66
Chennai,Premium,1302,5,1,3,46,9615353.01
Pune,Budget,2215,4,2,1,0,13455282.13
Kolkata,Standard,2415,3,1,2,11,12388557.73
Ahmedabad,Budget,3983,5,1,5,10,12800257.06
Chennai,Budget,2257,5,2,1,47,6422534.47
Bangalore,Budget,2309,5,1,5,29,12033717.98
Delhi,Standard,3507,5,1,5,3,38201705.97
Kolkata,Premium,3725,4,2,5,33,21351143.52
Ahmedabad,Standard,3995,4,2,1,22,14904674.67
Hyderabad,Standard,2820,3,1,4,31,12110723.5
Hyderabad,Budget,2170,4,2,5,2,12041836.28
Bangalore,Premium,1651,4,2,3,27,18868391.25
Chennai,Premium,2723,1,2,2,3,30534550.78
Mumbai,Budget,3167,1,2,2,49,18675405.73
Chennai,Budget,710,2,2,2,11,4859782.88
Bangalore,Budget,2994,3,2,1,23,15888116.55
Hyderabad,Budget,4762,1,1,2,32,13292316.98
Chennai,Standard,3007,3,2,3,2,20279793.99
Hyderabad,Standard,3463,3,2,3,3,20831272.48
Kolkata,Budget,3928,5,2,3,29,10334112.61
Ahmedabad,Standard,3875,3,2,3,5,16134870.65
Mumbai,Standard,4455,5,2,4,48,33534659.42
Kolkata,Premium,4205,2,1,3,29,26534620.84
Hyderabad,Standard,3905,2,2,3,7,21637959.1
Hyderabad,Budget,4538,2,2,1,17,14599663.22
Delhi,Standard,1552,5,2,1,15,16606725.9
Delhi,Standard,1213,5,2,3,5,15472919.74
Kolkata,Standard,3388,2,2,3,23,14024390.62
Pune,Standard,1187,5,1,3,27,8276332.1
Kolkata,Standard,829,4,2,3,31,4458338.39
Delhi,Standard,2246,4,2,3,24,17790889.61
Hyderabad,Budget,1707,5,2,5,27,8284662.34
Bangalore,Standard,2642,5,2,4,20,18890399.06
Kolkata,Premium,1284,1,2,2,7,11161509.39
Hyderabad,Premium,3196,1,2,2,35,21477571.17
Bangalore,Standard,4320,3,1,2,8,36667132.02
Bangalore,Standard,4218,3,2,4,39,22587275.52
Delhi,Budget,3193,3,1,3,20,20117679.67
Kolkata,Standard,1125,2,1,2,0,6518380.56
Chennai,Budget,4734,4,2,2,3,24232582.51
Mumbai,Standard,4208,2,2,3,9,60777126.89
Delhi,Standard,1261,5,2,3,25,11021434.51
Delhi,Standard,4479,1,1,2,39,28368565.24
Chennai,Budget,4029,5,2,4,2,19849788.74
Mumbai,Standard,2055,5,2,5,43,18044378.14
Hyderabad,Standard,4133,1,1,2,8,21715566.6
Pune,Standard,1175,5,1,2,31,7887014.2
Kolkata,Premium,4687,3,1,4,2,39783534.77
Pune,Standard,536,1,1,2,3,4670205.91
Hyderabad,Standard,4336,5,2,4,5,27097333.78
Ahmedabad,Standard,2287,3,2,1,8,10892400.53
Delhi,Standard,3227,3,2,3,25,25637885.84
Mumbai,Standard,4380,4,1,1,1,65762597.34
Delhi,Budget,2394,3,1,4,1,17265549.98
Bangalore,Budget,636,2,1,3,49,2592789.14
Delhi,Budget,3576,1,1,2,20,22877704.56
Delhi,Premium,4383,1,1,1,21,67438672.49
Hyderabad,Premium,1161,1,2,2,2,12161267.18
Hyderabad,Standard,2310,5,2,3,34,10613335.12
Hyderabad,Standard,914,5,2,2,49,4731393.33
Pune,Standard,842,2,2,2,37,4473009.02
Bangalore,Premium,3229,3,2,3,32,33672041.99
Ahmedabad,Standard,3950,5,2,4,14,15322615.14
Ahmedabad,Premium,4165,3,2,4,10,30308011.07
Hyderabad,Budget,4237,3,2,4,9,18987153.19
Mumbai,Standard,4397,5,1,4,35,48689657.4
Pune,Standard,4741,5,2,1,13,29693044.83
Chennai,Premium,4918,2,2,2,1,56196246.65
Mumbai,Standard,2669,4,2,2,44,24436021.71
Kolkata,Standard,2378,1,2,2,47,5906495.19
Kolkata,Budget,4470,5,1,5,43,9496234.81
Mumbai,Budget,3117,5,2,5,36,25756697.09
Hyderabad,Standard,2015,3,2,4,28,9576047.85
Chennai,Budget,1074,4,2,3,34,4971517.45
Chennai,Budget,4942,5,1,5,19,19926265.68
Pune,Budget,3367,4,1,1,20,15621970.03
Chennai,Budget,4044,1,2,1,33,12716331.1
Kolkata,Standard,4977,3,1,4,48,13335088.92
Bangalore,Standard,571,2,1,3,42,3769747.01
Hyderabad,Premium,3068,1,2,2,32,22543650.46
Chennai,Premium,3937,4,2,4,18,38889245.23
Pune,Budget,3480,4,2,1,7,18725835.92
Kolkata,Standard,1617,1,2,2,30,6194953.46
Bangalore,Budget,2886,4,2,1,10,16797521.43
Delhi,Budget,4008,2,2,3,7,29866669.94
Delhi,Budget,1859,2,2,3,24,12255091.79
Bangalore,Budget,2015,4,2,3,48,7034342.74
Kolkata,Standard,539,4,2,4,19,4470257.45
Pune,Premium,1882,2,1,3,37,16451486.36
Bangalore,Standard,2530,4,2,5,6,22159103.42
Hyderabad,Premium,3121,5,1,2,12,30124140.37
Hyderabad,Premium,2400,3,2,2,38,15663035.8
Delhi,Standard,2717,5,2,1,42,17605695.15
Chennai,Budget,1783,4,1,3,9,9913746.47
Pune,Standard,1083,4,2,2,7,9303767.17
Delhi,Standard,958,3,1,3,41,6806372.21
Chennai,Standard,2765,4,2,5,42,10764018.19
Chennai,Standard,3166,3,2,1,19,18727241.69
Ahmedabad,Premium,1315,2,2,3,16,10529652.58
Hyderabad,Budget,3011,3,1,2,10,13136464.31
Kolkata,Standard,746,3,1,4,15,5259983.72
Mumbai,Budget,916,5,2,4,36,8678356.82
Kolkata,Premium,4963,4,2,5,41,27896096.62
Mumbai,Budget,4217,2,1,2,31,33576020.72
Bangalore,Standard,607,1,2,2,25,5068284.74
Hyderabad,Standard,3131,3,1,4,36,12201944.98
Chennai,Standard,1338,1,2,2,8,8631570.72
Pune,Budget,1921,4,2,3,34,8206714.93
Mumbai,Standard,4412,3,1,3,2,65475260.74
Kolkata,Standard,755,1,1,2,30,3214371.79
Chennai,Budget,3327,5,2,3,41,10732853.11
Mumbai,Budget,1337,1,2,2,6,14424367.48
Mumbai,Standard,3462,5,2,5,1,58720663.82
Ahmedabad,Budget,2782,2,2,2,24,6869111.54
Mumbai,Standard,1052,4,2,1,39,11828081.77
Pune,Standard,680,1,2,2,11,4894936.55
Hyderabad,Standard,4752,3,1,3,29,22034735.32
Pune,Budget,1977,4,2,1,29,8063222.83
Delhi,Budget,1070,1,2,2,28,6855254.92
Chennai,Standard,2227,3,2,3,40,9678479.94
Hyderabad,Standard,1091,3,2,4,10,7355334.68
Ahmedabad,Standard,2760,3,2,3,22,10894219.97
Hyderabad,Budget,3447,3,2,1,16,14157821.82
Hyderabad,Budget,847,1,2,1,12,3738488.73
Kolkata,Standard,665,2,2,3,32,3404710.54
Hyderabad,Budget,4943,5,2,4,0,22651524.97
Ahmedabad,Budget,3396,5,1,5,39,7753127.6
Pune,Standard,4993,5,2,4,12,34831435.04
Hyderabad,Premium,1082,2,2,3,37,7935140.8
Bangalore,Standard,4006,3,2,4,2,35331734.75
Chennai,Standard,4903,3,1,3,15,25551949.21
Hyderabad,Standard,3538,4,2,2,41,12507985.33
Chennai,Standard,3345,5,2,4,6,21071060.41
Bangalore,Budget,3266,5,2,1,2,20881962.08
Bangalore,Premium,4694,3,2,4,13,61732466.98
Chennai,Standard,1765,5,2,3,15,10957960.52
Mumbai,Standard,4753,3,2,4,3,76761193.22
Delhi,Standard,3467,3,2,3,30,26225725.81
Kolkata,Standard,2774,3,2,4,12,12608967.4
Mumbai,Standard,2970,1,1,1,26,30789951.14
Mumbai,Premium,2790,1,1,2,0,69844328.44
Pune,Standard,3077,1,2,2,24,15548340.5
Kolkata,Standard,4160,1,2,2,36,12938967.97
Kolkata,Premium,1568,2,1,3,49,7982906.11
Mumbai,Budget,3236,4,2,2,43,22776157.53
Hyderabad,Standard,2450,4,1,4,10,15909000.35
Pune,Standard,591,3,2,1,8,5456450.55
Pune,Budget,3593,5,2,4,6,18296893.64
Bangalore,Premium,2719,1,2,2,13,38816778.97
Ahmedabad,Premium,1887,4,1,2,29,11982586.06
Kolkata,Budget,4774,4,2,2,23,13347519.36
Mumbai,Standard,2785,1,2,2,2,40959774.94
Bangalore,Standard,3706,2,2,3,47,16658806.95
Chennai,Budget,3424,2,2,3,38,10530532.91
Delhi,Budget,779,4,2,3,26,6912889.62
Ahmedabad,Budget,2118,2,1,3,0,7357924.81
Ahmedabad,Standard,3287,1,2,1,37,8345668.0
Ahmedabad,Standard,870,4,2,1,25,4621218.5
Pune,Standard,3683,1,1,2,5,22666691.84
Chennai,Premium,4334,2,2,1,41,29114344.77
Ahmedabad,Standard,2203,1,1,2,11,9265707.93
Chennai,Standard,2768,2,1,2,37,11097444.18
Hyderabad,Budget,803,2,2,3,45,3018298.22
Ahmedabad,Standard,4274,1,1,2,34,11696549.33
Delhi,Standard,1848,2,1,3,9,19046418.42
Chennai,Standard,2922,3,1,4,8,19014335.55
Chennai,Premium,4128,1,2,2,22,34349494.41
Delhi,Premium,2928,3,2,4,29,40550475.36
Ahmedabad,Standard,3533,1,2,1,21,11901018.05
Delhi,Premium,1168,2,2,1,46,11921822.75
Chennai,Standard,999,2,2,3,8,7220789.98
Delhi,Budget,1914,4,1,3,18,12951789.54
Chennai,Budget,1029,4,2,3,7,7396445.82
Chennai,Standard,4121,3,2,2,3,25063294.25
Hyderabad,Standard,3956,2,1,3,4,23538327.94
Mumbai,Budget,1254,4,1,3,18,14230570.43
Chennai,Budget,2847,2,1,2,45,7286867.3
Ahmedabad,Premium,1226,1,1,1,17,7389061.88
Bangalore,Budget,3149,4,1,5,28,13639667.39
Pune,Standard,2546,3,2,4,18,14798325.43
Kolkata,Budget,3315,4,1,3,5,11686590.45
Mumbai,Budget,1374,2,2,3,4,16753903.38
Mumbai,Premium,3779,5,2,4,42,58920218.84
Mumbai,Budget,3484,5,2,1,4,39454539.8
Hyderabad,Standard,2678,2,1,1,7,13711828.72
Chennai,Budget,4307,1,2,2,26,13903959.84
Hyderabad,Standard,1107,4,1,2,36,5325573.66
Chennai,Budget,1134,5,2,4,42,4800214.62
Ahmedabad,Premium,3227,1,2,1,44,12889401.96
Hyderabad,Standard,1574,2,1,2,37,6678788.29
Hyderabad,Premium,2414,1,2,1,36,16651792.46
Pune,Budget,1088,2,2,1,17,5208914.24
Bangalore,Budget,3731,4,2,2,25,18784476.85
Hyderabad,Budget,2804,1,2,2,41,6891637.68
Pune,Budget,4338,4,2,3,15,18650733.67
Delhi,Premium,2473,1,2,2,21,38741566.33
Bangalore,Standard,2555,2,2,3,45,13451063.6
Ahmedabad,Premium,3980,2,2,3,22,25630906.21
Hyderabad,Standard,2579,1,2,1,46,7772574.61
Kolkata,Standard,3552,2,1,3,2,19276384.87
Mumbai,Standard,4982,3,1,2,2,77987207.55
Delhi,Standard,1751,3,2,1,11,17668519.48
Delhi,Premium,4295,4,2,5,22,68850790.06
Ahmedabad,Premium,4322,3,1,3,46,19248848.97
Pune,Premium,4802,3,2,4,10,55214249.53
Delhi,Budget,3889,5,1,5,41,19542345.55
Bangalore,Budget,2280,5,2,4,46,8794543.36
Hyderabad,Budget,3104,5,2,3,49,8276130.62
Hyderabad,Standard,4188,5,2,5,45,14000161.81
Kolkata,Standard,2224,2,1,2,28,9252505.65
Ahmedabad,Budget,3284,4,1,1,5,11308165.17
Mumbai,Standard,4219,4,2,3,45,38864876.97
Pune,Standard,2177,3,2,4,15,14224341.77
Mumbai,Standard,948,4,2,4,33,12415948.89
Delhi,Premium,581,3,2,3,36,8231450.94
Ahmedabad,Standard,1906,4,2,2,10,9733718.53
Kolkata,Standard,1980,1,1,2,10,9605149.74
Mumbai,Standard,1579,1,2,2,24,17672416.12
Bangalore,Premium,4098,4,2,3,18,49552022.06
Hyderabad,Standard,4683,2,1,3,31,19254491.22
Delhi,Budget,4180,3,2,1,49,15561218.7
Kolkata,Premium,3203,4,1,4,7,25980274.64
Mumbai,Standard,4810,3,2,2,11,63537317.92
Pune,Budget,4256,5,1,5,40,13142202.24
Bangalore,Premium,2258,4,1,2,34,24863882.2
Bangalore,Premium,3099,2,2,2,5,48047724.38
Mumbai,Standard,3050,5,1,5,20,41226943.38
Hyderabad,Standard,4353,4,1,4,25,18374697.27
Mumbai,Standard,3246,1,2,1,0,52851759.48
Delhi,Budget,2792,4,1,2,16,18804318.93
Mumbai,Premium,2001,1,2,2,34,38539654.41
Bangalore,Standard,4904,1,2,2,26,29763934.66
Kolkata,Standard,730,4,1,4,49,2957600.67
Mumbai,Premium,4750,4,2,3,49,69476318.6
Hyderabad,Standard,1698,1,1,2,1,10317021.7
Ahmedabad,Standard,614,3,1,4,35,3532251.31
Kolkata,Standard,1913,5,2,2,0,12685198.64
Pune,Premium,4906,2,2,1,9,52359038.98
Chennai,Standard,1492,4,2,2,30,8741351.86
Mumbai,Standard,2847,5,2,4,36,29798617.19
Hyderabad,Budget,1541,5,2,3,4,8691655.43
Kolkata,Premium,511,3,1,1,40,3624440.89
Hyderabad,Standard,4176,5,2,3,45,13853542.33
Pune,Standard,3565,4,1,5,12,20989406.4
Bangalore,Budget,2536,5,2,3,44,9517226.79
Hyderabad,Standard,3546,4,2,3,23,16465720.45
Kolkata,Standard,2850,4,2,4,26,10816264.22
Hyderabad,Budget,1040,1,2,2,0,5816545.05
Hyderabad,Budget,3360,3,1,4,48,7395235.95
Hyderabad,Standard,576,2,2,3,19,4303780.96
Delhi,Standard,3567,1,2,2,7,34000375.48
Delhi,Budget,523,2,2,3,2,5377795.66
Bangalore,Budget,1175,4,2,5,48,5787883.03
Mumbai,Budget,2894,1,2,2,31,22458499.98
Hyderabad,Standard,4767,5,1,5,43,18183420.82
Pune,Premium,3898,5,2,5,24,37747856.35
Mumbai,Standard,3259,2,2,2,24,40395943.23
Pune,Budget,988,4,2,2,49,4181814.67
Mumbai,Standard,1985,2,2,1,13,26637381.76
Bangalore,Standard,4159,3,2,2,42,20765453.08
Hyderabad,Budget,3735,5,2,4,26,13566343.17
Hyderabad,Standard,2919,1,2,2,47,10219377.64
Chennai,Budget,3995,1,2,1,31,11808618.53
Pune,Standard,1256,1,2,2,26,7402097.42
Mumbai,Standard,3024,5,2,3,3,44145000.32
Mumbai,Standard,4750,4,1,1,49,40825160.64
Ahmedabad,Budget,756,5,2,4,38,3797848.43
Ahmedabad,Premium,2279,5,2,5,10,19784717.84
Delhi,Premium,2615,1,1,2,47,27605400.79
Chennai,Budget,3848,5,2,4,47,10754093.92
Kolkata,Premium,1972,1,2,2,2,17747064.89
Ahmedabad,Standard,758,4,2,3,24,4924560.91
Kolkata,Standard,4575,3,2,4,23,17942431.17
Delhi,Standard,806,1,2,2,8,8680577.87
Delhi,Standard,1618,2,1,3,7,15759088.64
Delhi,Standard,3517,3,2,2,38,22813155.63
Pune,Standard,4841,4,1,5,30,26725216.16
Pune,Standard,3280,3,2,4,16,19408375.96
Bangalore,Standard,2158,1,1,2,42,11271222.24
Bangalore,Premium,686,4,2,4,30,8475717.52
Delhi,Standard,2297,2,2,3,3,24256050.79
Chennai,Premium,1424,1,2,2,3,14926809.36
Mumbai,Standard,1284,1,2,1,36,13094713.17
Pune,Standard,3944,4,2,5,7,24620359.42
Chennai,Premium,3696,4,2,2,41,25894657.39
Hyderabad,Budget,1860,3,2,4,48,5322238.28
Pune,Standard,840,2,1,1,5,7005867.88
Pune,Budget,1062,3,2,4,8,7232023.81
Bangalore,Budget,3499,3,2,4,41,14402442.28
Mumbai,Standard,1693,1,2,2,7,26428572.34
Mumbai,Premium,3610,4,2,2,31,64231134.08
Ahmedabad,Standard,568,1,1,2,14,2845864.34
Kolkata,Budget,2928,2,2,1,17,8282328.49
Kolkata,Standard,4098,3,2,2,22,15962003.01
Kolkata,Premium,2872,2,2,3,4,24491294.12
Kolkata,Standard,1343,4,1,2,49,4856896.36
Hyderabad,Budget,1073,4,2,4,26,5597796.18
Hyderabad,Budget,4714,5,2,4,32,15835956.85
Pune,Premium,3096,2,1,3,1,35990921.94
Delhi,Standard,1978,1,1,2,41,11519545.15
Bangalore,Standard,2573,2,1,3,37,15045514.13
Bangalore,Standard,2013,3,1,4,27,12964192.63
Kolkata,Budget,1468,4,2,5,23,6802939.88
Pune,Standard,2696,4,2,3,20,15484475.01
Ahmedabad,Standard,2011,2,1,2,30,7300420.3
Chennai,Premium,1154,2,2,3,10,13917027.35
Delhi,Budget,3492,2,2,2,49,13786434.19
Pune,Budget,792,3,1,4,27,4845831.83
Delhi,Standard,3101,3,1,1,47,16902944.55
Delhi,Budget,4912,1,2,1,39,20313337.02
Delhi,Premium,4993,2,1,3,3,82914678.68
Pune,Standard,2088,1,1,2,42,8174258.06
Kolkata,Standard,1095,5,2,2,41,4918750.84
Bangalore,Premium,3093,3,2,1,15,42807463.73
Bangalore,Standard,2623,4,1,2,11,19348344.1
Kolkata,Budget,2443,5,1,4,21,9664480.13
Delhi,Premium,1415,4,2,3,34,20532459.2
Chennai,Standard,4369,5,1,2,42,17835456.02
Mumbai,Standard,3294,1,2,2,15,46737834.59
Pune,Standard,3578,1,2,1,23,19929919.5
Mumbai,Budget,1475,3,2,2,34,11938946.4
Ahmedabad,Standard,1575,4,2,5,27,7372624.38
Kolkata,Standard,3489,5,2,1,41,11497781.84
Chennai,Budget,3967,2,2,3,28,12566834.63
Pune,Premium,1951,2,2,3,20,18792265.28
Kolkata,Standard,4323,3,1,4,47,11742983.39
Delhi,Standard,4432,4,2,2,24,33195675.77
Bangalore,Standard,2528,2,2,1,38,14924727.3
Mumbai,Budget,862,3,2,2,30,8097225.81
Hyderabad,Budget,2929,3,2,2,14,11563773.07
Hyderabad,Standard,4132,4,2,5,46,13242355.1
Chennai,Budget,2818,2,2,3,41,8142767.37
Delhi,Premium,3585,2,2,3,34,42301498.73
Ahmedabad,Premium,2845,2,2,3,37,13113140.03
Mumbai,Standard,4098,1,1,2,49,34946956.63
Delhi,Standard,4829,2,2,3,21,38012231.56
Mumbai,Standard,2231,5,2,5,4,37436162.81
Chennai,Standard,526,1,2,1,47,2168646.91
Chennai,Budget,592,1,2,2,12,3797914.02
Ahmedabad,Standard,3164,1,2,2,31,9944925.5
Hyderabad,Standard,808,1,2,1,2,5805730.26
Delhi,Premium,551,3,2,4,14,11644728.85
Pune,Premium,818,5,2,1,26,9725996.69
Hyderabad,Standard,2492,4,2,1,26,11166214.98
Delhi,Standard,4776,2,2,3,29,34972035.18
Hyderabad,Budget,4391,1,1,2,5,16381462.09
Pune,Premium,4456,4,1,2,24,41564039.03
Bangalore,Premium,3192,3,2,4,27,34988734.75
Bangalore,Standard,3518,4,2,1,21,26042230.04
Ahmedabad,Standard,2524,1,2,2,3,10679072.1
Bangalore,Premium,4931,5,2,3,14,60409371.72
Bangalore,Budget,2025,4,1,2,25,11494729.74
Kolkata,Premium,1778,1,2,2,17,14385082.47
Mumbai,Standard,1013,1,2,2,8,16875265.16
Kolkata,Standard,4837,2,2,3,3,23565440.57
Kolkata,Premium,2233,2,2,2,47,9822554.31
Ahmedabad,Standard,3870,5,1,4,49,10470667.25
Kolkata,Budget,4421,2,2,3,4,14382301.63
Bangalore,Standard,3000,5,2,4,44,14547801.15
Pune,Budget,3964,3,1,4,5,18402239.27
Ahmedabad,Premium,2759,3,2,4,11,20882345.74
Ahmedabad,Budget,3159,2,2,3,30,7124240.9
Chennai,Standard,755,3,2,4,46,4235504.31
Ahmedabad,Standard,2002,4,2,4,8,9568098.29
Chennai,Standard,2610,4,2,4,6,16520520.95
Ahmedabad,Budget,906,4,2,5,28,4360602.34
Mumbai,Standard,3349,3,1,4,13,44855638.58
Bangalore,Premium,3676,4,1,2,19,49477493.36
Ahmedabad,Premium,2360,5,2,5,47,12222552.02
Bangalore,Budget,4854,1,2,2,31,18562563.47
Bangalore,Standard,1222,2,2,1,21,9961994.86
Hyderabad,Budget,1782,5,2,5,35,7398407.26
Ahmedabad,Standard,1113,4,1,4,43,4226160.53
Delhi,Standard,3831,1,1,2,17,34364957.81
Hyderabad,Premium,3616,2,1,1,39,24572827.37
Delhi,Budget,2478,5,2,1,48,10049125.06
Bangalore,Standard,1312,2,2,3,24,9062272.86
Bangalore,Budget,2286,3,2,4,30,10790467.79
Hyderabad,Standard,830,4,2,2,34,4662581.49
Hyderabad,Standard,2712,5,1,1,25,13061832.2
Delhi,Standard,1716,5,2,4,3,21023443.13
Chennai,Standard,4982,1,2,1,41,19554655.91
Delhi,Budget,3837,1,2,2,47,14434875.73
Hyderabad,Budget,2875,1,1,2,19,9503869.05
Pune,Budget,1740,2,2,1,33,6874637.16
Hyderabad,Budget,819,4,2,2,11,5345996.2
Pune,Standard,4994,2,2,2,15,31157596.54
Mumbai,Standard,2414,4,2,2,41,25416662.2
Hyderabad,Budget,4700,5,2,5,4,23351279.28
Mumbai,Premium,829,2,2,3,43,14468234.01
Chennai,Budget,1159,2,2,1,34,4290916.96
Delhi,Budget,4188,2,1,3,43,16246861.79
Pune,Standard,3618,3,2,1,26,20014113.26
Delhi,Budget,2472,4,2,5,0,22902285.44
Mumbai,Standard,2293,4,2,4,33,23134694.35
Pune,Standard,3718,2,2,2,42,13677895.3
Delhi,Premium,3033,3,2,1,31,41861758.34
Hyderabad,Standard,2957,2,1,2,43,9424685.39
Bangalore,Standard,3600,4,2,4,38,18293504.24
Mumbai,Standard,4866,5,2,1,32,56134617.26
Delhi,Budget,3233,3,2,3,30,16240679.69
Mumbai,Budget,4980,3,2,3,12,44655570.23
Kolkata,Premium,4655,2,2,3,44,22658033.7
Mumbai,Standard,719,5,2,4,1,15284870.59
Pune,Budget,3318,4,2,3,29,12729871.68
Kolkata,Premium,2406,1,1,1,9,18348508.92
Ahmedabad,Premium,3111,4,2,3,22,20497014.59
Pune,Premium,3093,4,2,1,32,26540674.98
Bangalore,Standard,595,5,2,4,38,4852283.81
Kolkata,Premium,1488,3,1,2,44,7364725.58
Ahmedabad,Budget,1612,4,2,5,28,5937130.06
Hyderabad,Standard,2778,3,2,3,29,13514815.67
Mumbai,Standard,745,5,1,5,33,10561205.93
Delhi,Standard,2658,5,1,2,38,19350061.66
Chennai,Standard,4829,2,2,3,16,27606877.63
Mumbai,Standard,3849,1,2,2,21,42532037.27
Ahmedabad,Budget,3225,5,2,2,4,12979319.54
Mumbai,Budget,4577,5,2,5,10,50597446.11
Bangalore,Standard,3166,3,2,3,21,22283492.96
Hyderabad,Budget,3699,5,2,1,31,11494821.16
Chennai,Budget,3254,4,2,4,23,13383707.5
Kolkata,Budget,1917,2,2,2,10,7318452.4
Kolkata,Premium,1154,2,2,3,10,9816817.69
Kolkata,Premium,2942,4,1,3,16,22916491.97
Ahmedabad,Standard,610,5,2,5,31,4780913.89
Pune,Standard,589,1,1,2,18,4375808.37
Pune,Standard,1262,5,2,1,26,7762630.2
Delhi,Standard,3672,2,2,1,31,24968992.85
Chennai,Budget,2679,1,2,2,24,10017430.9
Kolkata,Budget,3004,3,2,2,27,9361158.74
Pune,Budget,1964,3,1,3,39,6944425.57
Ahmedabad,Standard,597,5,2,3,26,4692105.61
Delhi,Standard,792,5,2,3,13,9141065.08
Hyderabad,Standard,2339,1,1,2,41,8477991.37
Delhi,Premium,2234,1,1,1,38,27911928.76
Pune,Premium,3119,5,2,2,1,40867367.2
Bangalore,Standard,2696,2,1,2,16,21195805.91
Ahmedabad,Standard,3966,3,2,4,0,19011720.29
Bangalore,Budget,2406,1,2,2,44,8961076.98
Kolkata,Premium,2221,2,2,2,31,12756370.72
Bangalore,Budget,4191,5,1,5,18,20677342.59
Kolkata,Standard,2316,4,1,5,13,11031269.53
Kolkata,Standard,752,1,2,2,30,3411175.77
Pune,Standard,4727,4,2,3,17,27202271.67
Bangalore,Standard,4019,2,2,3,13,31196368.21
Kolkata,Standard,2407,3,2,4,46,8012099.1
Chennai,Standard,2410,2,2,1,13,14483940.04
Hyderabad,Premium,3021,3,2,2,23,23522769.48
Delhi,Premium,4349,2,2,1,4,83503772.41
Delhi,Standard,1558,1,2,2,15,14598886.57
Pune,Budget,4038,1,1,2,4,19616538.68
Bangalore,Standard,2822,4,2,2,12,24264693.66
Bangalore,Budget,686,2,2,3,15,5638452.66
Kolkata,Standard,1448,2,2,3,14,7504850.78
Ahmedabad,Budget,2790,4,2,4,30,8331959.89
Mumbai,Budget,4859,5,2,5,4,53622370.41
Kolkata,Standard,709,2,1,3,20,4061367.01
Hyderabad,Standard,2593,2,2,3,29,11775819.26
Chennai,Budget,4038,2,1,1,22,14353205.46
Delhi,Standard,2063,5,2,5,37,15333825.2
Kolkata,Standard,525,1,2,2,28,2905433.45
Mumbai,Premium,674,4,1,4,12,17803912.81
Mumbai,Budget,1834,5,2,4,31,16350246.29
Kolkata,Budget,821,3,2,1,47,2699958.37
Pune,Premium,4650,3,1,1,41,35888624.25
Delhi,Standard,4547,5,1,5,26,35233854.89
Pune,Standard,3727,5,2,3,33,20059452.98
Chennai,Premium,2372,1,2,2,44,16538281.52
Mumbai,Budget,2567,3,2,4,48,15985434.4
Mumbai,Standard,832,4,2,5,32,11527991.42
Hyderabad,Premium,3491,2,2,1,3,34604928.52
Chennai,Standard,1410,2,2,3,17,9647880.75
Mumbai,Budget,4996,1,2,2,5,53011775.05
Chennai,Premium,1449,1,2,1,27,11903133.23
Delhi,Standard,2575,3,2,4,43,16017807.99
Bangalore,Standard,3014,4,2,5,26,20989839.64
Mumbai,Premium,3831,4,1,5,25,75796107.76
Hyderabad,Premium,3529,5,1,3,19,32630014.39
Delhi,Standard,600,1,2,2,12,6236592.8
Kolkata,Standard,2900,2,2,1,27,11039508.16
Chennai,Budget,3871,2,2,3,33,12854269.67
Kolkata,Budget,2843,3,1,3,48,6329684.32
Pune,Budget,852,2,2,2,22,4798176.11
Delhi,Standard,3455,4,1,1,9,35730507.47
Kolkata,Budget,1518,4,1,1,29,5596979.06
Ahmedabad,Standard,1679,1,1,2,21,6375925.63
Ahmedabad,Standard,4036,3,1,1,4,18624557.67
Mumbai,Premium,4150,2,2,3,43,61630269.87
Chennai,Premium,3002,1,2,2,49,18388993.78
Bangalore,Standard,4319,5,2,1,8,32885452.72
Delhi,Standard,1479,5,2,2,42,11530326.74
Mumbai,Standard,1476,2,2,3,3,22806940.9
Hyderabad,Standard,1871,2,1,3,41,6720340.85
Pune,Standard,2780,2,2,2,0,18657749.4
Chennai,Standard,607,4,1,2,33,3983375.17
Delhi,Standard,1472,2,2,1,40,9808003.91
Ahmedabad,Budget,2126,5,1,5,25,7347002.79
Delhi,Budget,1203,2,2,3,17,9544970.01
Bangalore,Standard,1374,3,2,3,15,11361245.3
Ahmedabad,Standard,4309,5,2,1,22,15113001.8
Bangalore,Standard,2911,3,2,4,45,15105770.6
Hyderabad,Budget,2607,5,2,4,35,8397083.08
Pune,Standard,4053,1,2,1,25,22360046.65
Hyderabad,Standard,1773,5,1,1,1,12395237.47
Mumbai,Premium,1059,5,2,5,43,19059297.44
Mumbai,Standard,616,3,1,2,4,10293110.18
Hyderabad,Standard,3546,3,2,1,28,14585251.97
Pune,Budget,543,5,1,2,3,5829285.52
Hyderabad,Standard,1008,5,2,3,46,4921578.14
Pune,Standard,3939,4,2,3,34,20860936.35
Pune,Budget,4428,1,2,2,21,17184552.0
Kolkata,Budget,1416,1,2,2,48,3313671.88
Ahmedabad,Standard,3445,2,1,3,7,15982204.47
Chennai,Standard,1298,5,2,5,43,6479567.7
Pune,Standard,2260,5,2,2,20,15427686.14
Bangalore,Budget,2833,5,1,2,7,16035272.62
Pune,Premium,3775,5,1,3,4,47306487.17
Pune,Budget,1318,1,1,2,20,6039870.04
Pune,Standard,2668,3,2,1,26,14469275.95
Kolkata,Standard,4235,4,2,4,37,13192102.7
Ahmedabad,Premium,3565,3,1,1,4,27181329.43
Kolkata,Standard,3759,3,2,1,20,16594593.91
Mumbai,Standard,1406,1,1,2,7,22517923.52
Kolkata,Premium,4608,4,2,4,21,33756142.36
Bangalore,Standard,1102,5,2,5,17,10213667.99
Bangalore,Budget,4795,1,1,2,3,29225791.72
Kolkata,Standard,3133,1,1,2,3,15993536.48
Ahmedabad,Budget,2291,4,2,4,36,6114689.13
Hyderabad,Premium,4027,2,1,3,14,33642426.53
Chennai,Standard,2311,1,1,2,37,10202802.0
Ahmedabad,Premium,4411,3,1,1,26,26905893.44
Kolkata,Standard,1340,3,1,4,20,6352931.12
Pune,Budget,3642,5,2,4,47,11863009.31
Delhi,Standard,2590,1,2,2,45,15169704.79
Chennai,Premium,1536,5,2,2,45,12139869.19
Chennai,Standard,1224,1,1,2,47,4478515.95
Bangalore,Standard,1487,4,1,5,3,14838240.08
Chennai,Standard,1302,1,2,1,10,7817138.42
Kolkata,Budget,3082,2,1,3,18,10278306.67
Pune,Budget,4337,3,2,3,18,18188259.97
Pune,Standard,1026,4,2,3,26,7762589.06
Mumbai,Standard,2165,3,1,4,39,19597369.92
Pune,Standard,1638,5,2,1,41,8703110.74
Ahmedabad,Premium,959,4,2,5,27,7653539.9
Pune,Standard,3052,2,1,3,4,18804202.85
Bangalore,Standard,4920,3,1,4,47,21021283.25
Pune,Standard,3308,1,2,2,24,16410707.71
Mumbai,Standard,3398,1,2,2,2,54009777.17
Delhi,Premium,3743,1,1,1,25,51046683.38
Kolkata,Standard,4568,4,2,3,9,20146721.18
Bangalore,Premium,2831,2,2,2,23,31328426.18
Ahmedabad,Premium,4185,2,2,3,28,23298020.82
Delhi,Budget,1131,2,1,3,44,4969360.28
Bangalore,Premium,2956,3,2,1,6,41534424.2
Hyderabad,Standard,1481,4,1,4,43,6638207.4
Chennai,Premium,4817,1,2,2,22,41896653.13
Hyderabad,Budget,2056,3,1,1,45,5560578.74
Pune,Standard,2705,2,1,2,26,13774251.05
Delhi,Standard,4943,1,1,2,41,27978286.62
Pune,Standard,4455,4,1,5,8,31515332.26
Chennai,Budget,1421,5,2,4,43,6081203.01
Bangalore,Budget,904,2,1,3,2,6837808.91
Chennai,Standard,2120,2,1,3,12,12363947.64
Mumbai,Budget,3452,2,2,3,5,36605548.37
Chennai,Budget,3618,2,1,2,37,11451029.66
Mumbai,Budget,2094,1,2,2,20,19508889.74
Chennai,Standard,1065,4,1,5,18,8515698.34
Kolkata,Standard,3368,3,2,1,24,12811197.06
Mumbai,Standard,1357,1,1,2,38,13930682.05
Delhi,Budget,1784,4,2,3,3,15683160.26
Pune,Standard,1084,3,1,4,21,7729488.36
Ahmedabad,Standard,4827,2,1,3,4,20474609.84
Pune,Standard,1745,4,2,5,0,15094847.4
Hyderabad,Budget,551,2,1,3,49,2194315.78
Pune,Budget,2663,4,1,1,16,13299500.93
Bangalore,Premium,1037,5,1,4,8,15730016.56
Kolkata,Budget,1040,2,1,2,8,4640886.16
Chennai,Standard,1314,2,2,1,23,8080667.54
Hyderabad,Budget,1915,2,1,3,9,7821774.91
Bangalore,Standard,3338,1,2,2,19,22447090.29
Bangalore,Standard,2152,3,2,4,16,15508741.37
Mumbai,Budget,3165,2,1,2,12,28364206.54
Pune,Standard,4562,2,2,1,28,24476471.62
Delhi,Budget,2856,1,2,1,35,13690827.24
Ahmedabad,Standard,4310,1,1,2,22,14926136.04
Delhi,Standard,1363,5,2,1,26,11623449.54
Hyderabad,Standard,685,4,2,1,17,4929849.76
Kolkata,Standard,4856,2,1,3,17,21253772.64
Delhi,Standard,2051,4,1,2,8,21671557.59
Chennai,Premium,2707,1,2,1,2,27052025.47
Delhi,Standard,1261,1,2,2,6,14569419.09
Hyderabad,Premium,4819,5,1,5,14,44227795.25
Ahmedabad,Budget,1779,3,2,1,29,5144709.99
Delhi,Budget,4775,1,1,1,8,32436894.63
Chennai,Standard,4194,2,1,3,40,14640231.4
Mumbai,Budget,3781,5,1,4,26,32485441.47
Kolkata,Standard,2036,3,2,2,35,7776605.37
Hyderabad,Standard,3664,5,2,4,17,19152470.32
Mumbai,Budget,3270,1,2,2,30,26222595.85
Mumbai,Budget,2463,3,2,1,16,23075773.74
Mumbai,Standard,4345,4,2,4,5,67983670.61
Bangalore,Budget,3935,3,2,2,38,14128670.93
Kolkata,Standard,1061,2,2,3,24,5739190.98
Ahmedabad,Budget,2921,4,2,4,41,7349944.0
Pune,Premium,2635,4,2,1,41,18454992.68
Kolkata,Standard,2561,2,2,2,37,9267598.65
Bangalore,Standard,2680,4,2,1,37,15447674.82
Pune,Standard,2460,1,2,1,30,12591113.21
Kolkata,Premium,4379,3,2,3,28,29352741.12
Mumbai,Budget,3779,3,2,2,39,23586588.01
Hyderabad,Premium,4384,2,1,3,8,38920793.61
Pune,Standard,3770,1,2,1,0,24723207.55
Chennai,Standard,1082,4,1,2,15,7777578.81
Chennai,Standard,2113,3,2,1,37,9145609.75
Delhi,Standard,1601,3,2,4,22,14767046.58
Pune,Standard,788,3,2,4,7,6991819.31
Hyderabad,Premium,4359,3,2,2,46,25551351.0
Ahmedabad,Premium,3560,5,2,3,11,23785929.17
Bangalore,Standard,3426,2,2,3,9,26196679.05
Mumbai,Budget,4602,4,2,4,15,41140727.34
Delhi,Budget,1683,4,2,3,46,8461760.08
Chennai,Premium,4835,2,1,3,42,33796895.96
Bangalore,Standard,1946,1,1,2,23,11823671.42
Bangalore,Premium,2249,2,2,3,38,22665489.45
Mumbai,Premium,2403,3,1,1,7,67122062.31
Ahmedabad,Standard,3675,3,2,2,10,16947411.79
Ahmedabad,Standard,1577,2,2,3,40,5185850.19
Pune,Premium,2877,2,2,3,25,25967192.65
Chennai,Standard,1347,4,2,1,6,9864870.74
Ahmedabad,Premium,3376,4,2,4,14,23251407.16
Hyderabad,Budget,1739,5,2,4,14,9317150.23
Ahmedabad,Budget,1832,5,2,4,47,4776336.78
Bangalore,Premium,4006,3,2,4,2,61199077.86
Mumbai,Standard,2879,5,1,4,15,36103205.93
Hyderabad,Budget,4622,5,2,3,14,17028351.25
Pune,Budget,3737,1,2,2,24,15402817.73
Chennai,Standard,2865,2,2,1,32,14192602.41
Pune,Premium,2912,4,1,4,13,33933550.8
Bangalore,Premium,3674,5,2,5,23,41755756.1
Hyderabad,Standard,872,4,1,5,10,7947104.13
Hyderabad,Standard,2449,5,1,1,2,15215936.32
Hyderabad,Premium,744,5,2,3,8,10651562.47
Bangalore,Standard,2340,3,2,1,5,18432418.65
Bangalore,Premium,3927,1,1,2,30,41628027.85
Pune,Budget,624,2,2,2,15,4326813.65
Delhi,Standard,3253,2,1,3,10,33215833.83
Pune,Premium,2419,3,1,4,49,16498714.06
Chennai,Standard,2135,3,1,4,16,14040752.77
Mumbai,Standard,1925,2,2,3,48,16226619.78
Hyderabad,Budget,2040,2,2,1,2,9796647.57
Delhi,Standard,1030,1,2,2,18,9423553.32
Mumbai,Standard,4849,5,2,5,23,53369589.09
Delhi,Budget,3603,1,2,2,46,15170121.99
Ahmedabad,Standard,2301,2,2,3,41,7226071.12
Ahmedabad,Budget,1536,5,2,5,7,7303235.08
Kolkata,Standard,4228,2,1,2,48,9761503.25
Ahmedabad,Standard,4511,1,2,2,35,11851193.13
Pune,Premium,3963,1,1,2,39,31309868.37
Ahmedabad,Standard,1642,1,1,2,1,7375801.89
Bangalore,Budget,2255,5,2,4,22,12205231.21
Hyderabad,Budget,2129,4,2,2,39,6166890.42
Pune,Standard,1262,4,2,5,29,8039989.15
Mumbai,Standard,4457,2,2,3,24,54745225.38
Kolkata,Budget,1057,5,2,3,6,7214488.93
Kolkata,Budget,1339,3,2,2,27,4720365.96
Kolkata,Premium,502,4,2,5,40,4361165.02
Mumbai,Standard,1551,5,2,3,49,14819506.68
Mumbai,Standard,1904,5,2,4,16,29188707.65
Mumbai,Budget,656,4,2,2,31,6588237.33
Mumbai,Premium,2437,5,2,5,0,63870982.29
Kolkata,Standard,1010,5,2,3,26,6701655.03
Kolkata,Budget,3904,4,1,2,43,8857586.89
Delhi,Premium,1637,1,2,2,35,21845133.92
Pune,Standard,4414,2,2,3,48,15555315.82
Hyderabad,Standard,3821,3,2,2,6,22757474.54
Ahmedabad,Standard,1214,2,2,3,2,7156205.48
Ahmedabad,Standard,2786,1,2,2,29,9646772.38
Bangalore,Standard,3154,1,2,2,0,29368085.49
Kolkata,Premium,1490,5,1,4,33,9676567.51
Bangalore,Standard,4929,2,2,3,37,26915950.72
Pune,Budget,2660,1,1,1,42,7351137.23
Pune,Budget,4957,2,2,3,35,17093264.73
Bangalore,Premium,2644,1,2,2,32,28277874.89
Kolkata,Premium,2563,3,2,2,42,14550065.44
Bangalore,Standard,3103,1,2,2,15,21675957.87
Ahmedabad,Standard,2477,2,2,3,37,7146756.97
Delhi,Standard,875,5,1,3,10,9889180.27
Ahmedabad,Standard,1241,2,2,1,7,5982921.98
Chennai,Premium,4985,4,2,1,0,55133372.33
Kolkata,Premium,3167,2,2,3,13,26393654.57
Kolkata,Standard,1740,3,2,2,29,7321644.86
Hyderabad,Standard,3970,3,2,1,20,19525946.79
Mumbai,Premium,2867,3,2,1,20,68615149.36
Chennai,Standard,2743,1,1,2,33,12742000.7
Pune,Standard,4049,3,2,1,37,18130317.54
Kolkata,Budget,917,2,2,3,25,3521559.14
Bangalore,Budget,1106,5,2,5,40,5892694.22
Chennai,Standard,1067,3,2,1,13,7505462.35
Hyderabad,Standard,1043,2,1,1,39,4636010.74
Pune,Standard,1383,1,2,1,34,7078579.11
Mumbai,Standard,1723,1,2,2,41,16594028.09
Mumbai,Standard,3393,5,2,2,17,48581303.9
Hyderabad,Budget,2568,5,2,4,19,11843257.13
Hyderabad,Standard,4209,2,2,1,8,25166785.7
Bangalore,Budget,2286,5,1,4,40,10606898.69
Kolkata,Standard,1957,5,1,4,44,6524746.08
Mumbai,Premium,2414,1,2,1,32,41205447.83
Pune,Budget,577,2,2,1,48,2261836.82
Chennai,Standard,4113,5,2,4,3,28372120.19
Pune,Standard,1808,2,1,2,3,13421895.49
Delhi,Standard,1147,3,2,4,47,7261970.79
Delhi,Premium,2687,1,2,2,15,45436890.11
Hyderabad,Budget,1052,1,1,2,46,2738287.06
Bangalore,Premium,781,1,2,2,25,10361130.36
Delhi,Budget,1781,4,2,5,5,15176956.75
Mumbai,Budget,2346,2,2,1,36,15260564.03
Pune,Budget,2987,3,2,3,21,11999881.28
Pune,Standard,3293,5,2,4,41,13742207.74
Hyderabad,Standard,4211,3,2,2,38,14458644.77
Kolkata,Budget,4699,2,2,3,6,16665812.76
Kolkata,Standard,3276,1,2,2,41,8993086.14
Chennai,Standard,2096,4,2,2,29,11807916.55
Hyderabad,Standard,979,2,2,3,9,6576772.72
Ahmedabad,Standard,3812,2,2,3,14,13601767.46
Chennai,Standard,3718,5,1,2,5,25786759.47
Ahmedabad,Standard,2463,3,2,4,23,9752556.95
Kolkata,Standard,2642,3,2,1,1,14326662.77
Hyderabad,Budget,4398,5,1,1,39,11760450.25
Ahmedabad,Standard,2572,4,2,4,14,10702906.56
Hyderabad,Budget,1795,1,2,2,20,6553894.71
Hyderabad,Standard,1438,1,1,2,17,7588120.71
Kolkata,Budget,1261,4,1,1,4,5606459.99
Chennai,Standard,2169,5,2,4,24,13045634.32
Chennai,Budget,4362,2,2,2,35,14246540.59
Hyderabad,Premium,3185,3,1,2,9,28963450.44
Delhi,Budget,4399,2,2,3,45,19694993.44
Bangalore,Premium,2431,3,2,1,22,26757154.7
Kolkata,Budget,4439,2,1,3,23,13025798.44
Bangalore,Budget,1626,5,2,5,44,7898484.98
Bangalore,Standard,3797,5,2,1,9,29160462.45
Chennai,Standard,1703,4,2,3,5,13914335.14
Chennai,Budget,4635,2,2,3,12,18748918.25
Delhi,Standard,4272,2,1,3,20,33134855.46
Bangalore,Budget,1019,4,2,3,31,6258140.69
Bangalore,Premium,2783,4,2,2,42,27465062.21
Hyderabad,Premium,982,5,2,5,14,12836003.6
Chennai,Budget,2977,5,1,4,1,15236447.04
Bangalore,Standard,3593,2,2,3,14,27021591.01
Pune,Budget,842,5,1,1,16,5296710.39
Delhi,Standard,1962,5,1,3,19,18503910.12
Ahmedabad,Standard,1702,2,2,1,49,4410335.89
Pune,Standard,2121,4,2,4,5,15723978.29
Pune,Standard,2898,2,2,2,14,17863147.07
Ahmedabad,Standard,4096,1,1,2,16,16011105.24
Kolkata,Standard,4035,2,2,1,25,14968537.03
Kolkata,Standard,3377,1,1,2,21,13810714.06
Delhi,Standard,2890,2,1,3,8,27301115.04
Pune,Budget,3851,1,1,2,11,18233590.81
Bangalore,Standard,3413,1,2,2,21,20904998.17
Chennai,Standard,1689,2,1,2,22,9388521.85
Delhi,Standard,2840,5,1,5,36,21802801.54
Hyderabad,Standard,4080,3,2,4,13,23430456.96
Ahmedabad,Budget,2103,5,2,1,23,6648131.67
Pune,Standard,3797,1,1,2,7,23595410.63
Delhi,Premium,1097,2,2,1,25,16560889.61
Mumbai,Premium,1144,2,2,2,31,21857095.58
Mumbai,Standard,3402,2,2,1,27,39786865.66
Kolkata,Budget,1263,2,2,3,31,4159775.74
Ahmedabad,Premium,2142,3,2,1,21,13583100.94
Chennai,Budget,2797,4,2,4,48,7259226.19
Bangalore,Standard,2672,1,2,2,8,19106550.59
Chennai,Standard,2660,3,2,2,2,19303874.22
Chennai,Budget,4249,5,2,5,24,16643930.92
Chennai,Standard,3422,4,2,4,38,15024420.3
Ahmedabad,Standard,1079,4,2,2,11,6344840.08
Chennai,Premium,4304,2,2,3,28,32505327.41
Hyderabad,Premium,2868,3,2,4,2,30358037.5
Ahmedabad,Standard,4432,5,1,5,40,12216598.56
Hyderabad,Premium,3860,2,2,3,45,23728883.49
Ahmedabad,Standard,1600,2,2,2,22,7189887.7
Kolkata,Standard,2170,1,2,2,22,9470474.2
Delhi,Standard,2720,4,2,4,17,25541621.96
Mumbai,Premium,716,5,2,1,10,20890777.98
Chennai,Standard,875,4,1,3,35,5772285.83
Kolkata,Standard,2109,3,2,4,25,9364768.27
Delhi,Budget,4606,1,2,2,7,32249847.0
Mumbai,Premium,4339,2,2,3,27,89379583.63
Pune,Budget,3439,1,2,2,17,14824795.51
Bangalore,Standard,4562,2,2,3,12,35007891.11
Hyderabad,Standard,2113,1,2,2,35,8820163.41
Pune,Standard,4179,2,2,1,41,17860502.96
Ahmedabad,Premium,1796,4,2,3,39,10448341.26
Mumbai,Premium,4496,4,1,1,43,69249218.63
Pune,Standard,1655,4,2,2,11,12846181.86
Bangalore,Standard,2866,4,1,3,21,18772621.91
Kolkata,Budget,3391,1,2,2,1,12967186.75
Mumbai,Standard,2472,2,1,3,39,22779343.11
Pune,Premium,1284,4,2,5,27,13332159.47
Hyderabad,Budget,4992,1,1,2,12,19060004.79
Hyderabad,Standard,1581,2,2,1,32,7332473.65
Delhi,Standard,2533,1,2,2,2,25287035.84
Pune,Standard,2114,4,1,2,33,10410498.43
Chennai,Budget,2916,3,2,4,22,12896378.4
Pune,Budget,4153,1,2,2,31,12913070.53
Kolkata,Standard,996,4,2,2,19,5459632.52
Mumbai,Standard,1004,5,2,1,27,13866362.38
Mumbai,Budget,3886,2,2,2,7,40718161.9
Kolkata,Standard,2708,4,2,2,2,15589527.51
Pune,Premium,3716,5,2,4,29,35196143.06
Kolkata,Standard,4166,1,1,2,24,16261101.33
Bangalore,Standard,1908,1,2,1,29,12753276.55
Ahmedabad,Standard,4864,5,1,4,28,17513419.23
Kolkata,Standard,4577,5,2,2,46,12315422.9
Hyderabad,Standard,1977,2,1,3,29,9002973.02
Kolkata,Premium,2897,1,2,2,33,17201113.7
Mumbai,Budget,609,5,2,4,24,7885417.36
Hyderabad,Standard,4054,3,2,1,16,19251943.56
Mumbai,Standard,1149,3,2,2,23,15467267.7
Delhi,Standard,1999,5,2,1,37,15806983.78
Chennai,Standard,1095,2,2,3,27,6297767.82
Mumbai,Premium,1478,1,2,2,32,29107377.22
Hyderabad,Premium,1230,3,2,1,35,9628239.49
Delhi,Budget,556,5,2,4,6,7144360.98
Mumbai,Budget,2743,5,1,3,22,25445055.6
Bangalore,Standard,2201,4,2,5,45,10988359.45
Kolkata,Premium,1786,5,1,2,25,13372133.77
Chennai,Standard,611,2,2,3,13,5408430.58
Mumbai,Budget,1701,3,2,2,41,12634827.12
Delhi,Budget,1447,4,2,4,27,9595597.0
Bangalore,Premium,4621,3,2,1,23,48896080.35
Pune,Premium,1257,3,2,1,6,16945491.52
Delhi,Budget,3888,2,2,3,47,14857849.32
Kolkata,Standard,2341,5,2,2,35,8306960.06
Delhi,Standard,4035,2,2,3,38,26091827.1
Bangalore,Premium,2793,5,2,2,14,39399259.12
Delhi,Standard,1604,4,2,4,48,10732499.5
Bangalore,Budget,1161,2,2,3,2,9349970.32
Mumbai,Budget,1408,2,1,3,47,8293236.25
Ahmedabad,Standard,2356,1,2,1,1,10178913.88
Bangalore,Standard,2811,2,1,2,6,23234610.96
Bangalore,Premium,1289,1,2,2,15,18114188.96
Chennai,Standard,671,5,2,5,20,6155054.98
Bangalore,Standard,4860,5,2,5,8,38829174.65
Bangalore,Standard,2486,5,2,1,11,20259247.06
Pune,Standard,2385,1,1,2,28,12682256.51
Ahmedabad,Standard,975,5,2,1,23,5256745.63
Mumbai,Premium,1549,3,2,3,32,33114033.05
Kolkata,Standard,4629,2,2,1,13,19729738.43
Chennai,Premium,2811,1,2,2,42,17672705.67
Pune,Premium,1661,5,2,4,17,18531418.13
Hyderabad,Budget,1315,3,1,2,4,6300534.38
Ahmedabad,Standard,4266,2,2,3,14,17204642.05
Mumbai,Standard,3422,2,2,3,6,53095244.38
Mumbai,Budget,1253,5,2,2,24,11475146.25
Hyderabad,Budget,961,3,2,3,13,5663563.96
Kolkata,Standard,3739,1,1,2,39,11614984.46
Bangalore,Budget,3202,5,2,5,35,13965824.57
Pune,Standard,580,2,2,2,34,3756973.3
Delhi,Standard,3304,2,2,3,43,19530897.41
Chennai,Standard,1369,2,2,3,49,5115319.03
Delhi,Standard,1306,5,1,3,23,12651745.69
Hyderabad,Standard,2434,4,2,5,14,13633244.93
Mumbai,Standard,1203,4,2,4,10,19071548.52
Kolkata,Premium,3023,4,2,1,23,22867040.02
Mumbai,Standard,3139,3,2,1,10,40245435.47
Chennai,Premium,4409,5,2,4,43,27395855.22
Mumbai,Standard,1664,2,2,2,16,23904191.88
Mumbai,Standard,1119,3,2,4,5,17324588.32
Chennai,Budget,3566,4,2,4,20,14029245.34
Pune,Budget,946,1,1,1,7,4888443.09
Pune,Budget,2837,3,1,3,14,14332043.27
Chennai,Standard,708,3,2,4,31,4619917.98
Kolkata,Budget,2960,5,1,4,9,12756006.04
Hyderabad,Standard,3942,3,1,4,27,18499805.08
Ahmedabad,Premium,3211,5,2,1,14,23498212.0
Mumbai,Premium,2837,1,1,1,11,72150818.39
Kolkata,Standard,1791,2,2,3,42,5392645.66
Mumbai,Standard,2698,2,2,3,17,32575022.31
Ahmedabad,Standard,1900,4,2,2,36,6559912.99
Hyderabad,Budget,3155,4,2,3,43,8002291.13
Pune,Premium,4512,1,2,2,23,45880209.82
Kolkata,Premium,1204,2,2,3,36,7772559.22
Bangalore,Budget,1325,4,2,5,28,7914315.92
Bangalore,Premium,1504,3,2,1,9,23046328.24
Ahmedabad,Standard,3960,5,2,1,13,18240245.86
Bangalore,Standard,876,4,2,2,15,9281139.98
Pune,Standard,1472,1,2,1,36,7363203.73
Ahmedabad,Premium,4713,2,2,3,10,31721375.34
Pune,Premium,3576,1,2,2,25,29682754.74
Hyderabad,Premium,943,5,2,3,39,7313053.66
Mumbai,Standard,1254,5,2,3,18,16616634.03
Hyderabad,Standard,4104,1,1,2,17,17765192.91
Hyderabad,Standard,2671,4,2,5,29,14119751.95
Pune,Standard,3205,4,1,5,31,18073513.21
Ahmedabad,Budget,3965,2,2,3,22,10723252.9
Ahmedabad,Premium,3211,2,2,2,11,23369608.96
Bangalore,Standard,2907,3,1,1,12,22283992.33
Delhi,Standard,1122,3,2,1,20,10248900.37
Mumbai,Standard,2223,2,1,3,20,30532800.17
Pune,Standard,3822,3,1,3,28,18742845.4
Bangalore,Standard,2419,1,2,2,28,15733098.02
Kolkata,Budget,1418,4,1,2,49,3468929.62
Delhi,Budget,4715,3,1,4,26,28298211.89
Delhi,Standard,1081,3,2,4,28,10169782.94
Pune,Budget,4381,1,2,2,14,18958908.27
Chennai,Standard,2186,5,2,5,46,8548013.63
Mumbai,Standard,4409,2,1,3,11,59575899.9
Delhi,Standard,2499,1,2,2,40,15973179.16
Pune,Premium,3211,5,2,4,18,32603602.23
Pune,Budget,900,1,2,2,11,5358966.43
Bangalore,Standard,4148,4,2,4,22,30462637.47
Kolkata,Standard,3128,1,2,1,4,14742127.71
Chennai,Budget,2156,1,2,2,25,7663124.6
Mumbai,Premium,1120,4,2,5,9,32651562.67
Ahmedabad,Standard,746,2,1,1,21,3327616.08
Hyderabad,Premium,3839,5,2,5,38,23868601.67
Kolkata,Budget,3510,3,1,2,22,9400592.93
Kolkata,Budget,2868,2,2,3,10,9177925.59
Bangalore,Standard,4494,1,2,2,27,27279203.26
Ahmedabad,Standard,2339,3,2,1,30,7759911.0
Delhi,Standard,3403,4,2,3,7,35942205.83
Delhi,Budget,4895,2,1,3,38,23112420.61
Bangalore,Standard,4998,5,2,1,47,23133312.16
Pune,Standard,4191,2,2,3,27,20859747.88
Delhi,Budget,4341,2,1,3,15,29367530.73
Chennai,Standard,4848,3,2,3,45,18216663.42
Mumbai,Premium,1892,4,2,5,46,28180022.53
Kolkata,Standard,4250,4,2,5,30,15912872.48
Kolkata,Budget,4755,2,2,3,40,9598390.91
Chennai,Standard,3508,4,2,2,47,12308975.7
Ahmedabad,Premium,4800,3,1,2,15,34352728.43
Delhi,Standard,3838,3,2,4,4,37440055.57
Kolkata,Standard,4014,5,1,1,34,14452923.21
Hyderabad,Premium,1259,4,2,3,24,11281905.65
Ahmedabad,Standard,3268,5,2,1,12,15669832.41
Mumbai,Budget,3588,1,2,2,28,27134228.75
Mumbai,Standard,2615,3,1,1,26,29571104.05
Kolkata,Standard,4728,2,2,3,39,14589181.15
Bangalore,Standard,2223,3,2,4,16,17680740.65
Ahmedabad,Premium,3466,1,2,2,36,17199101.66
Kolkata,Budget,929,2,2,1,37,3021225.13
Bangalore,Standard,2855,4,2,3,28,18044545.93
Kolkata,Standard,2959,4,1,2,33,10589624.29
Hyderabad,Standard,4692,3,1,4,29,20545137.99
Ahmedabad,Standard,2218,2,2,2,30,7871086.83
Pune,Standard,1765,2,2,1,21,9967572.96
Mumbai,Premium,1808,5,2,1,45,29818808.17
Kolkata,Budget,1550,1,2,1,24,5096469.62
Hyderabad,Budget,3973,4,1,5,3,18968677.17
Bangalore,Standard,2749,3,2,1,34,14699544.19
Bangalore,Budget,3309,2,2,3,40,12361436.9
Mumbai,Premium,3421,4,2,4,49,48208812.0
Chennai,Standard,4541,3,2,4,43,16621340.09
Kolkata,Standard,2917,4,1,4,8,14902464.75
Ahmedabad,Standard,1032,3,1,4,25,4985078.4
Delhi,Standard,1398,4,2,2,26,11324186.66
Bangalore,Standard,3154,5,2,1,26,20001222.49
Ahmedabad,Premium,1969,1,1,2,17,12032158.96
Ahmedabad,Standard,3420,4,2,2,29,11485762.18
Pune,Premium,1752,1,2,2,44,11517023.75
Ahmedabad,Budget,1269,4,1,3,45,3242462.99
Ahmedabad,Standard,1333,2,1,1,30,4492216.26
Pune,Premium,2709,5,2,3,41,22362539.61
Bangalore,Standard,3924,5,2,4,2,36640850.03
Ahmedabad,Standard,1591,1,1,2,28,5383010.25
Chennai,Budget,1696,2,2,2,6,9223821.84
Chennai,Standard,4414,3,1,4,17,22849044.58
Hyderabad,Standard,2160,5,2,4,15,13638899.44
Pune,Budget,760,2,1,3,48,2587186.31
Hyderabad,Standard,2764,2,2,3,31,12808033.75
Pune,Premium,1685,1,1,2,37,12202633.55
Kolkata,Standard,2949,2,1,3,24,10450088.85
Kolkata,Budget,4033,2,2,3,43,8110321.85
Ahmedabad,Standard,4870,3,1,4,31,16456865.25
Delhi,Standard,4801,1,2,1,18,37437678.71
Kolkata,Premium,3844,1,2,2,2,30900514.68
Delhi,Premium,1366,2,2,3,34,17030920.48
Kolkata,Standard,592,3,2,1,49,2684371.95
Mumbai,Standard,3678,4,2,1,28,41083319.15
Kolkata,Premium,1851,5,2,5,10,17567218.95
Hyderabad,Budget,864,1,1,2,5,4217847.86
Bangalore,Budget,4218,3,2,2,18,21639488.14
Ahmedabad,Standard,2424,3,1,4,36,7180770.71
Hyderabad,Budget,3595,2,1,1,44,8374381.92
Bangalore,Premium,3038,5,2,2,26,37446035.97
Chennai,Standard,1796,1,2,2,4,12235304.72
Hyderabad,Standard,2776,4,1,1,25,14610170.77
Chennai,Budget,502,2,2,2,34,2867685.3
Delhi,Budget,3992,1,1,2,18,23666315.06
Delhi,Standard,2253,1,1,2,16,20635966.72
Mumbai,Budget,1410,3,2,4,34,12330126.81
Kolkata,Premium,806,5,2,5,46,5475066.45
Hyderabad,Budget,4731,4,1,2,48,9918460.26
Chennai,Budget,4515,5,1,1,12,18963493.74
Bangalore,Premium,1938,3,2,4,13,24897551.26
Delhi,Budget,1372,4,1,3,29,8482316.46
Kolkata,Premium,1641,4,2,5,47,9752917.83
Delhi,Standard,1165,2,1,3,42,8404544.42
Bangalore,Standard,708,4,2,2,16,7412345.92
Kolkata,Standard,1451,1,2,2,36,5037394.01
Kolkata,Budget,1557,5,1,4,14,6969179.55
Chennai,Standard,4508,5,2,2,17,25717202.65
Chennai,Standard,2368,2,1,3,47,8593859.4
Hyderabad,Budget,1271,4,1,5,13,7528507.67
Hyderabad,Budget,4530,3,2,3,13,19022209.07
Pune,Premium,1021,1,1,2,44,7109733.24
Ahmedabad,Budget,3855,2,2,3,32,8316892.95
Pune,Premium,1900,4,1,5,37,15771227.75
Mumbai,Budget,4238,3,2,4,10,42126213.63
Delhi,Standard,4843,4,1,5,10,42272548.21
Hyderabad,Premium,4223,2,2,3,47,25011328.84
Chennai,Standard,3747,3,2,3,25,20758500.94
Bangalore,Standard,2358,3,2,2,2,22708840.38
Chennai,Standard,4564,3,2,1,24,24187148.85
Delhi,Premium,2898,3,2,2,16,50441580.5
Pune,Standard,642,4,2,1,21,5957966.41
Chennai,Budget,3351,3,2,4,28,12681848.11
Ahmedabad,Standard,3969,4,1,3,45,9638532.51
Mumbai,Standard,4195,3,1,1,25,45347029.76
Delhi,Standard,1217,3,2,4,33,9185714.84
Pune,Premium,1142,2,1,3,25,11244212.34
Ahmedabad,Budget,3940,4,2,1,8,13511424.45
Bangalore,Budget,3048,4,2,5,39,12583498.32
Pune,Standard,4193,5,2,4,10,27289407.52
Kolkata,Standard,869,2,2,1,6,4948355.78
Ahmedabad,Budget,4150,4,2,5,29,9837431.32
Ahmedabad,Standard,1286,2,1,3,1,6832943.94
Mumbai,Budget,1449,2,2,3,29,11374966.88
Delhi,Standard,1021,2,2,1,3,10725991.03
Bangalore,Budget,3443,1,2,2,13,17700890.64
Mumbai,Standard,854,4,1,3,12,13832662.04
Pune,Standard,2835,2,1,3,24,14480819.05
Mumbai,Budget,1982,1,2,2,12,20358695.6
Ahmedabad,Standard,2147,1,2,1,12,8559940.66
Delhi,Standard,3545,3,2,4,36,22540829.35
Hyderabad,Standard,2715,3,1,4,43,10267415.79
Mumbai,Standard,927,4,2,2,5,15600263.91
Kolkata,Standard,3037,3,1,4,25,11107550.6
Mumbai,Premium,1044,4,2,5,13,30133396.29
Pune,Premium,3264,1,2,2,7,37436168.25
Pune,Standard,4265,1,2,2,23,22401060.76
Bangalore,Budget,1158,4,1,1,21,7607822.87
Pune,Standard,3327,3,2,4,39,16267330.84
Chennai,Standard,2558,3,1,2,38,10271193.81
Delhi,Standard,3827,4,2,1,48,22681114.01
Delhi,Premium,1230,5,1,5,20,22126114.13
Hyderabad,Standard,2332,3,2,1,42,7991228.01
Hyderabad,Premium,908,2,1,1,25,8200368.63
Delhi,Premium,4679,3,2,2,9,72019165.52
Kolkata,Standard,3747,5,2,3,12,18436725.82
Hyderabad,Standard,633,1,1,1,41,2733580.28
Bangalore,Premium,1166,1,2,2,13,15489558.34
Pune,Standard,776,1,2,2,8,6478984.7
Delhi,Standard,3807,3,2,2,6,40427850.87
Ahmedabad,Standard,1381,1,2,2,38,4725880.69
Hyderabad,Standard,2560,5,2,1,30,11715589.2
Delhi,Budget,2582,5,2,3,49,10042078.12
Chennai,Premium,1737,3,2,1,15,19015732.45
Mumbai,Standard,2952,2,2,2,7,40655766.92
Pune,Premium,658,3,1,4,47,5422403.84
Delhi,Premium,3096,1,1,2,14,52065167.06
Mumbai,Standard,4315,3,2,4,24,48477153.5
Hyderabad,Standard,4874,5,2,3,46,15854065.27
Mumbai,Budget,3026,3,1,4,37,21391145.54
Pune,Standard,610,3,2,3,40,3816505.52
Delhi,Budget,1041,2,1,3,14,7839701.51
Chennai,Premium,1638,5,2,1,24,14388052.09
Kolkata,Premium,3783,4,2,2,6,29803422.19
Hyderabad,Premium,4110,4,2,5,25,35426018.36
Delhi,Premium,4955,5,2,5,7,85258444.14
Pune,Standard,4057,4,2,4,17,25383619.07
Hyderabad,Standard,2919,1,1,2,20,13064521.93
Bangalore,Premium,2256,4,2,2,15,31067611.22
Mumbai,Budget,3586,1,2,1,46,23137972.06
Kolkata,Budget,2806,5,1,5,2,12622170.87
Pune,Standard,1475,4,2,4,0,13320911.37
Bangalore,Premium,1222,4,1,5,12,16960417.31
Ahmedabad,Premium,3070,1,2,1,31,15836706.11
Delhi,Premium,824,1,2,2,11,15584141.91
Chennai,Premium,2029,3,2,1,30,18082371.18
Hyderabad,Standard,2445,2,2,3,40,9430558.81
Mumbai,Standard,4986,4,2,5,1,83868200.62
Hyderabad,Standard,2930,2,1,2,40,9925670.76
Kolkata,Budget,4611,2,2,3,7,16046017.71
Delhi,Standard,4010,4,2,4,24,31399618.21
Hyderabad,Budget,1345,1,2,2,4,6597762.33
Mumbai,Premium,1067,3,2,4,44,16291727.96
Delhi,Standard,4188,5,2,1,1,48696567.27
Hyderabad,Standard,2679,4,1,5,41,11249689.91
Chennai,Premium,2519,4,1,1,37,17595018.44
Pune,Premium,3819,5,1,1,38,30374688.15
Delhi,Standard,2820,2,2,3,2,31336093.38
Pune,Standard,2146,3,2,1,45,8417616.37
Ahmedabad,Standard,4503,2,2,3,47,9841081.57
Delhi,Standard,4409,5,2,2,37,29092921.08
Chennai,Standard,3920,5,2,5,21,20230246.51
Pune,Premium,3031,3,1,3,39,23399785.75
Bangalore,Standard,856,5,2,1,32,6795908.86
Mumbai,Premium,3581,5,2,1,31,68472553.28
Bangalore,Premium,2780,3,2,2,46,23164171.5
Hyderabad,Budget,4631,4,2,3,16,19367710.87
Chennai,Standard,2960,2,2,3,17,17536407.31
Bangalore,Budget,3287,4,2,5,2,22125519.8
Delhi,Standard,4709,4,2,1,5,46103551.89
Hyderabad,Standard,1697,2,2,3,48,5430147.26
Hyderabad,Standard,1778,4,2,5,12,10870556.03
Bangalore,Premium,965,3,1,4,30,12080374.06
Ahmedabad,Premium,4500,2,2,3,16,28303708.59
Bangalore,Budget,3848,1,1,2,20,17596424.05
Ahmedabad,Standard,1987,4,2,2,15,10029750.96
Chennai,Standard,825,5,2,5,16,7578447.32
Mumbai,Standard,2265,2,2,3,31,26955498.61
Bangalore,Budget,4662,1,2,2,0,29742001.34
Kolkata,Premium,803,5,2,3,47,4954179.66
Ahmedabad,Standard,1940,1,1,1,37,6010373.84
Bangalore,Standard,648,4,1,3,7,6882019.21
Pune,Budget,3534,5,2,3,0,21613302.38
Delhi,Budget,3131,4,1,4,1,24532114.34
Kolkata,Standard,595,5,1,3,46,3453071.12
Kolkata,Budget,3955,2,2,3,36,9768059.61
Ahmedabad,Budget,4877,3,2,2,23,12485826.8
Pune,Standard,2869,3,2,4,26,16326852.68
Pune,Standard,3967,1,2,2,19,24090006.29
Hyderabad,Standard,1028,5,1,4,46,5424268.76
Ahmedabad,Budget,2810,4,1,5,20,9210162.13
Mumbai,Premium,2163,2,1,2,41,36578117.94
Delhi,Budget,3864,2,1,2,36,17467519.18
Chennai,Standard,2841,2,1,3,34,13326205.3
Kolkata,Budget,1192,3,2,2,37,4045029.32
Chennai,Standard,4830,4,2,4,14,29663796.97
Bangalore,Standard,1451,2,2,3,49,7264401.86
Bangalore,Budget,1860,2,2,3,45,6660304.36
Chennai,Budget,1038,1,1,2,41,3076453.62
Bangalore,Budget,1319,5,1,4,29,7140381.61
Mumbai,Premium,3662,5,1,4,3,101109355.47
Pune,Standard,4425,5,2,1,42,17793083.01
Bangalore,Premium,771,1,2,2,38,8017434.91
Hyderabad,Standard,1528,3,2,3,14,8706523.24
Bangalore,Standard,4165,1,1,2,22,26256030.68
Delhi,Standard,1742,2,2,1,40,10979739.94
Mumbai,Standard,1641,4,2,4,14,23468094.38
Delhi,Budget,1092,2,2,2,25,6588226.41
Delhi,Premium,2105,2,2,3,11,37279863.09
Hyderabad,Standard,4710,4,2,1,17,21998701.29
Mumbai,Standard,3877,5,2,4,5,53226838.45
Mumbai,Premium,4571,1,1,2,17,112664234.69
Ahmedabad,Premium,4802,3,2,4,49,17937998.12
Mumbai,Budget,4194,2,2,3,23,37938449.82
Mumbai,Budget,2850,2,1,3,37,21912253.88
Mumbai,Budget,4707,3,2,3,27,38309818.39
Hyderabad,Budget,1940,1,1,2,14,7494283.95
Bangalore,Standard,4126,2,2,3,18,28105012.32
Ahmedabad,Standard,2382,3,2,1,4,11185907.72
Delhi,Standard,4211,2,2,2,3,42633313.08
Mumbai,Standard,684,5,1,3,16,10675998.41
Kolkata,Standard,720,5,2,4,9,6321628.08
Bangalore,Standard,3688,2,1,2,11,29527324.92
Bangalore,Standard,1593,2,1,3,4,13165255.31
Delhi,Standard,3445,5,2,5,6,37902838.42
Hyderabad,Premium,2974,2,2,2,43,18465637.56
Chennai,Standard,3115,1,2,2,22,14353847.36
Chennai,Standard,2512,1,1,2,1,14570614.58
Bangalore,Standard,2990,4,2,4,29,18825093.02
Pune,Standard,1100,1,2,2,48,4670876.38
Pune,Budget,1660,2,2,3,44,5276439.4
Delhi,Premium,4813,2,2,3,36,58761013.76
Chennai,Standard,3235,3,1,1,4,21233752.1
Bangalore,Budget,2718,1,1,2,19,14116335.29
Hyderabad,Standard,1652,5,2,3,25,8821353.46
Chennai,Standard,556,5,2,4,43,4188143.93
Bangalore,Standard,1704,4,2,5,43,8962788.34
Bangalore,Standard,4841,3,1,3,38,23846731.89
Mumbai,Budget,643,5,1,2,5,9123984.72
Hyderabad,Budget,867,4,1,4,28,4827587.26
Mumbai,Standard,1982,1,2,2,9,31112756.07
Delhi,Standard,1115,3,2,3,15,11401715.26
Mumbai,Premium,4138,3,2,2,33,76855063.5
Kolkata,Standard,3828,2,2,3,30,12942917.96
Mumbai,Standard,3727,1,2,2,35,38622867.62
Kolkata,Standard,2088,3,2,4,40,7180744.78
Chennai,Standard,2989,4,2,2,4,20022668.98
Pune,Standard,3503,5,2,3,32,18243376.32
Ahmedabad,Premium,1198,1,2,1,42,5971281.76
Ahmedabad,Standard,3323,1,1,1,18,10688250.37
Bangalore,Standard,1444,3,2,2,31,9802342.88
Ahmedabad,Budget,4381,3,2,3,22,11513384.5
Kolkata,Premium,1422,3,2,4,2,13094868.15
Hyderabad,Standard,2246,4,2,1,0,14268175.93
Mumbai,Budget,4620,2,2,3,35,35492218.65
Kolkata,Premium,3353,3,1,3,40,19054312.63
Hyderabad,Standard,2059,2,1,3,27,8752849.79
Pune,Premium,1583,2,2,1,47,11178160.74
Ahmedabad,Standard,4038,1,2,2,38,11062847.79
Pune,Standard,933,5,2,4,4,10407368.63
Ahmedabad,Standard,3426,5,2,5,12,16946007.53
Mumbai,Standard,1589,4,1,4,10,24627240.02
Delhi,Budget,3457,4,2,1,45,13777185.83
Mumbai,Premium,3112,5,2,3,21,68744980.48
Chennai,Premium,4691,5,2,4,48,29650358.23
Kolkata,Budget,4259,1,2,2,22,12685496.6
Bangalore,Standard,4763,1,2,2,11,34287623.76
Delhi,Budget,2589,5,1,2,20,18029607.98
Mumbai,Standard,2402,3,2,1,18,32583101.98
Hyderabad,Budget,3067,3,2,1,4,12401342.51
Delhi,Standard,2498,1,1,1,23,20236560.74
Kolkata,Budget,3614,2,1,2,29,8701688.71
Ahmedabad,Budget,3494,5,1,4,7,12903280.7
Delhi,Standard,2510,4,2,5,1,29038568.15
Ahmedabad,Premium,2391,3,1,1,48,10937234.22
Kolkata,Standard,1330,2,2,3,33,5961473.35
Mumbai,Premium,548,3,2,4,22,12448466.42
Kolkata,Standard,4710,2,1,2,2,20552515.67
Delhi,Standard,1678,5,2,4,23,16780717.42
Hyderabad,Standard,3533,5,1,2,17,19481574.28
Pune,Standard,570,5,2,1,46,4010377.38
Delhi,Standard,566,1,1,2,36,4185644.85
Kolkata,Standard,2277,2,1,2,48,6646191.18
Pune,Premium,2728,4,2,2,30,24160839.66
Kolkata,Premium,2289,4,2,1,13,17682473.82
Hyderabad,Premium,1112,5,2,1,0,12908276.83
Kolkata,Standard,2386,4,2,2,13,12838838.43
Mumbai,Standard,2122,3,2,2,40,20743602.52
Bangalore,Standard,1196,2,2,3,4,12371384.9
Ahmedabad,Standard,1737,2,2,3,30,6678546.75
Ahmedabad,Budget,2906,2,2,3,30,6628559.83
Delhi,Premium,748,3,2,4,29,11823368.8
Bangalore,Standard,1137,1,2,2,35,6222248.71
Kolkata,Standard,1449,3,2,2,0,9124744.24
Hyderabad,Budget,2404,2,1,3,2,10604764.17
Delhi,Budget,4087,2,2,3,19,25670487.82
Kolkata,Premium,1611,2,2,3,42,8918018.43
Pune,Premium,675,4,2,1,47,5399061.78
Chennai,Budget,1222,1,1,2,42,3424768.8
Kolkata,Standard,4342,3,2,2,20,17295189.83
Bangalore,Standard,4174,2,2,3,29,27730821.89
Delhi,Standard,2447,5,1,1,41,15998869.72
Bangalore,Standard,1202,1,1,2,43,6471880.51
Delhi,Budget,2628,5,2,2,29,14168687.91
Kolkata,Budget,1426,1,1,2,4,5331843.08
Mumbai,Budget,4733,2,1,3,9,47707093.54
Pune,Standard,4004,1,1,2,23,22017237.75
Kolkata,Budget,3017,1,2,2,44,6196967.95
Ahmedabad,Premium,2897,2,1,2,38,14028993.34
Bangalore,Standard,1649,5,2,5,47,9648488.7
Chennai,Budget,3880,5,2,3,5,18286835.23
Chennai,Standard,2378,4,1,5,9,14677907.9
Hyderabad,Standard,1753,5,2,1,41,7402068.94
Delhi,Premium,1983,5,1,3,42,21128100.66
Bangalore,Budget,809,1,2,2,9,5999053.05
Hyderabad,Standard,4452,4,1,4,24,21290371.5
Bangalore,Standard,3549,2,1,3,13,26072581.13
Ahmedabad,Standard,2064,2,1,1,46,5702397.64
Delhi,Budget,2000,3,2,4,38,11316997.32
Kolkata,Budget,515,4,2,3,12,4172030.93
Kolkata,Standard,1105,1,1,2,10,5971590.84
Chennai,Standard,1881,3,2,3,38,7915225.87
Kolkata,Standard,3883,3,2,3,10,19556784.93
Kolkata,Budget,1394,2,1,2,45,3223191.99
Ahmedabad,Standard,2067,5,1,5,48,6357093.16
Mumbai,Budget,913,1,1,2,15,8746201.8
Chennai,Standard,4620,4,1,1,32,22542087.4
Hyderabad,Budget,2504,3,1,4,40,6715249.88
Pune,Budget,815,1,2,2,40,3091797.58
Mumbai,Standard,3555,2,1,3,31,39027306.78
Hyderabad,Budget,2349,3,1,4,9,10840720.55
Delhi,Standard,2453,3,2,3,14,24536039.24
Mumbai,Premium,888,2,2,1,15,22892970.01
Ahmedabad,Standard,3269,2,2,3,42,9379533.56
Hyderabad,Budget,3546,2,2,1,26,10826893.01
Delhi,Standard,2915,1,2,1,48,15423919.96
Chennai,Standard,2889,1,2,2,44,10298199.71
Pune,Standard,803,1,1,2,31,4833279.25
Delhi,Standard,1263,5,2,2,5,15045568.05
Kolkata,Standard,2473,3,1,4,46,7001011.6
Bangalore,Standard,1315,1,2,2,47,6539222.68
Delhi,Budget,1377,5,2,2,35,8416116.8
Delhi,Standard,2826,3,1,3,7,27088566.58
Pune,Standard,2929,1,2,1,24,16122340.99
Bangalore,Standard,2560,2,2,3,6,20005618.71
Kolkata,Premium,4898,4,2,3,16,36974514.27
Hyderabad,Budget,2079,1,1,2,47,4810422.49
Hyderabad,Budget,4755,4,1,2,29,14375375.66
Delhi,Standard,2701,1,2,2,1,30742460.98
Ahmedabad,Budget,4097,2,1,2,16,10675587.88
Ahmedabad,Budget,1703,4,2,4,3,7681697.57
Bangalore,Budget,2924,5,2,5,25,16494089.72
Bangalore,Premium,4375,2,2,1,13,52193389.73
Kolkata,Budget,3323,4,1,1,7,11114411.61
Pune,Standard,3785,4,2,1,4,25163164.81
Chennai,Standard,2563,2,2,3,4,17184149.04
Hyderabad,Premium,2479,2,1,3,4,24797021.43
Pune,Standard,4848,2,2,1,26,25186072.7
Mumbai,Premium,3631,3,2,1,4,89768716.62
Hyderabad,Standard,3592,5,1,2,2,21423557.67
Pune,Standard,4164,1,1,2,37,18039656.69
Hyderabad,Budget,2836,4,1,3,29,9256184.51
Chennai,Budget,4114,1,2,2,0,18488872.72
Mumbai,Standard,997,2,2,2,7,15997254.52
Ahmedabad,Budget,4317,5,2,2,12,15016510.22
Ahmedabad,Budget,631,5,2,2,19,3907658.22
Chennai,Budget,1357,3,2,2,5,7727759.49
Kolkata,Premium,1020,2,2,3,49,5224928.25
Mumbai,Standard,529,4,2,3,49,6047113.48
Delhi,Budget,3896,3,2,2,47,17042430.46
Pune,Standard,1760,2,1,3,7,13416097.35
Mumbai,Standard,2058,3,2,2,29,23101042.64
Kolkata,Standard,515,1,2,2,48,1907544.19
Kolkata,Standard,4105,2,2,1,39,12240428.96
Chennai,Standard,2107,4,2,1,14,12865743.88
Hyderabad,Premium,4017,4,2,3,9,40812618.14
Mumbai,Standard,2516,2,1,1,32,25154631.8
Pune,Budget,4074,3,1,2,8,19683231.5
Mumbai,Budget,2243,5,2,5,48,15606691.96
Bangalore,Premium,4291,2,2,3,32,41598127.06
Hyderabad,Budget,4134,4,1,2,8,17732535.96
Pune,Standard,1588,1,1,1,13,9147945.43
Ahmedabad,Standard,1861,4,2,4,31,6915771.67
Pune,Budget,3872,5,2,2,36,12476330.73
Delhi,Budget,4973,4,2,4,5,33676131.98
Chennai,Budget,975,5,2,4,4,7239501.72
Delhi,Standard,1789,2,1,3,3,19437522.61
Pune,Budget,828,4,2,5,47,4113222.95
Hyderabad,Premium,4544,3,1,1,15,36957261.07
Mumbai,Budget,2339,3,1,1,9,25957733.95
Ahmedabad,Budget,1686,4,1,2,30,5550612.06
Mumbai,Standard,3914,4,1,1,30,44795578.95
Hyderabad,Standard,4036,1,2,2,13,20311983.53
Pune,Budget,2273,4,1,1,12,10174502.49
Kolkata,Premium,2563,1,1,2,3,22301659.66
Mumbai,Premium,2344,1,2,1,45,38215975.28
Kolkata,Budget,3058,1,1,2,25,7856881.01
Mumbai,Standard,1762,1,2,2,23,22443712.46
Mumbai,Budget,3791,2,1,3,8,35008295.73
Ahmedabad,Standard,1518,3,2,4,34,6169625.61
Chennai,Premium,2289,1,2,2,41,14134810.7
Chennai,Budget,4024,3,2,3,14,17150622.57
Bangalore,Standard,4004,1,2,2,23,26323398.14
Delhi,Premium,1306,3,2,4,30,17754149.04
Hyderabad,Budget,3166,4,1,2,18,11181358.66
Hyderabad,Standard,904,4,1,3,1,8493638.34
Hyderabad,Standard,1093,3,1,4,1,8586047.21
Bangalore,Standard,4449,1,2,1,40,22488292.41
Chennai,Budget,4607,2,2,3,35,14329332.05
Pune,Budget,3780,3,2,4,36,13869398.05
Kolkata,Budget,2712,5,1,5,33,7542367.33
Ahmedabad,Premium,2042,2,1,3,38,11103148.58
Kolkata,Budget,1113,5,1,3,18,5368042.91
Pune,Standard,1368,3,1,4,37,6628835.34
Ahmedabad,Standard,1311,1,2,2,22,5425773.74
Bangalore,Standard,2322,5,2,4,15,20927085.78
Pune,Budget,4677,3,2,3,45,12021268.58
Hyderabad,Budget,2244,2,1,2,43,5806378.41
Delhi,Premium,2756,1,2,2,5,48841823.23
Mumbai,Standard,4542,5,2,5,25,51486832.92
Kolkata,Budget,4167,3,1,4,21,13623379.61
Chennai,Premium,1021,1,2,2,44,7212779.62
Chennai,Budget,2025,1,1,2,46,5601627.71
Bangalore,Standard,1969,4,1,1,23,13817307.23
Ahmedabad,Standard,3175,1,1,2,45,7421698.55
Chennai,Standard,2013,3,2,4,39,9233716.27
Hyderabad,Standard,1951,2,1,2,20,9815676.59
Kolkata,Budget,3930,4,2,2,29,11388867.69
Pune,Standard,3507,3,2,3,10,21871244.72
Hyderabad,Budget,3624,3,1,3,8,14892535.4
Bangalore,Standard,2253,3,2,3,11,19901954.13
Hyderabad,Premium,2112,5,2,5,25,19717342.69
Pune,Premium,3775,5,2,2,37,28036919.56
Delhi,Standard,1055,2,2,3,2,13461775.21
Bangalore,Budget,4751,3,2,2,32,20144167.85
Delhi,Standard,2549,5,2,5,14,26359878.53
Mumbai,Standard,1324,5,1,5,46,12250667.92
Delhi,Standard,3349,5,2,3,4,35284997.98
Mumbai,Standard,3530,2,2,3,23,45071289.06
Mumbai,Standard,1581,2,2,3,10,22533655.36
Delhi,Budget,3825,3,1,2,32,18383141.8
Bangalore,Standard,992,4,1,1,22,7941958.45
Ahmedabad,Standard,574,3,2,4,9,4320982.16
Pune,Premium,3491,5,2,3,42,26961630.67
Hyderabad,Budget,3860,5,2,1,27,12323526.16
Hyderabad,Standard,870,1,1,2,38,3551233.34
Pune,Premium,828,3,2,1,16,10837049.44
Kolkata,Standard,2290,5,2,5,43,8277354.04
Kolkata,Standard,1276,5,2,3,25,6828461.63
Mumbai,Standard,2522,4,1,1,24,30943005.66
Mumbai,Standard,4816,1,2,2,35,45230353.3
Bangalore,Budget,1687,3,1,4,11,9703788.5
Chennai,Premium,2003,2,2,3,2,23840302.01
Delhi,Budget,3791,3,1,3,49,15389878.54
Mumbai,Standard,3825,3,1,1,28,45997134.09
Hyderabad,Standard,687,4,1,3,43,4013743.13
Bangalore,Standard,1714,3,1,4,23,13632074.86
Delhi,Standard,3786,4,2,2,18,36761593.68
Bangalore,Budget,3946,4,2,1,12,22983189.65
Delhi,Standard,1609,5,2,4,15,18241813.75
Delhi,Standard,3021,2,2,3,39,20457037.84
Pune,Standard,4379,4,2,5,26,22165458.85
Mumbai,Budget,1030,1,2,2,5,10954481.42
Ahmedabad,Standard,1570,1,2,2,41,4232402.59
Bangalore,Budget,3636,2,2,3,9,22350003.76
Ahmedabad,Standard,1462,4,2,4,37,6027538.57
Bangalore,Premium,1905,2,2,3,7,29155612.66
Pune,Standard,3637,5,1,2,17,21525332.63
Hyderabad,Standard,1016,1,2,2,31,4852006.73
Ahmedabad,Standard,3664,3,2,4,16,13389662.07
Hyderabad,Premium,1991,1,2,1,41,13360891.68
Kolkata,Budget,4189,4,1,2,1,16847396.89
Mumbai,Budget,4728,2,1,3,43,31053635.96
Mumbai,Budget,4909,1,2,2,19,39170442.35
Chennai,Premium,1090,3,2,2,9,12141382.39
Pune,Premium,2043,3,1,3,8,23396276.06
Hyderabad,Premium,3556,2,2,3,47,18884907.16
Delhi,Budget,2706,2,2,2,38,13862955.22
Bangalore,Budget,3839,1,2,2,40,12956845.28
Mumbai,Standard,3208,4,2,1,24,38947838.22
Ahmedabad,Premium,4529,5,2,1,24,27680295.85
Bangalore,Standard,1247,3,1,4,23,9538290.14
Bangalore,Standard,1300,2,2,3,5,11349206.91
Chennai,Standard,1997,5,1,5,29,12236759.76
Hyderabad,Standard,1879,5,2,5,9,12907887.97
Mumbai,Budget,1179,5,2,4,38,10552151.14
Bangalore,Premium,4270,4,1,5,30,42485800.54
Mumbai,Premium,3842,2,1,3,17,93336792.61
Delhi,Budget,1396,3,2,1,42,6603908.55
Chennai,Standard,2046,2,1,3,32,9977659.95
Delhi,Premium,3626,1,2,2,18,54820890.9
Mumbai,Premium,1183,3,2,4,22,25254948.79
Kolkata,Premium,1795,2,2,3,4,14543114.32
Ahmedabad,Standard,1885,3,2,2,25,8178706.89
Mumbai,Budget,1442,1,2,2,28,11084560.68
Hyderabad,Standard,3780,3,2,4,23,18989016.1
Bangalore,Standard,1533,5,2,5,5,16020521.97
Bangalore,Standard,3286,4,2,1,38,17463658.12
Delhi,Standard,2733,1,2,2,3,26205440.26
Ahmedabad,Budget,4145,3,2,1,47,6896024.26
Chennai,Budget,2120,1,1,2,41,6063094.01
Kolkata,Premium,4035,5,1,3,25,27316587.68
Pune,Budget,3705,4,2,5,14,18916479.96
Ahmedabad,Standard,3382,1,2,2,12,13594938.06
Bangalore,Budget,670,5,1,4,39,4771091.77
Hyderabad,Standard,2053,5,1,5,21,10807344.05
Ahmedabad,Budget,4397,5,1,1,12,13935007.45
Delhi,Budget,2095,3,1,4,38,10134207.48
Delhi,Standard,2123,2,2,3,16,18708314.83
Pune,Standard,4622,1,1,2,35,21203841.42
Hyderabad,Budget,1591,2,1,2,38,5136447.73
Chennai,Budget,3337,5,1,2,47,8890100.74
Ahmedabad,Premium,907,2,2,3,24,7020041.97
Hyderabad,Budget,4669,5,1,4,33,14293043.64
Chennai,Standard,1179,5,1,5,20,9321445.68
Hyderabad,Premium,736,4,2,5,24,7487506.69
Hyderabad,Standard,3274,4,1,1,24,14287047.48
Mumbai,Standard,3937,2,1,3,21,50815963.86
Delhi,Budget,3857,1,1,2,22,22541095.73
Ahmedabad,Standard,3377,2,2,3,24,12078997.7
Hyderabad,Budget,2923,1,2,2,13,11348520.89
Ahmedabad,Premium,3647,2,2,2,13,26700038.8
Pune,Standard,1532,3,2,2,25,9634152.05
Hyderabad,Standard,3354,3,2,3,39,13280148.65
Bangalore,Standard,3440,1,2,2,29,21673437.98
Delhi,Premium,4201,4,1,2,25,63045450.06
Bangalore,Premium,4570,1,2,2,37,40384865.44
Ahmedabad,Standard,3632,2,2,3,21,13523690.04
Ahmedabad,Standard,3960,5,1,2,38,12003061.53
Delhi,Standard,2423,3,2,4,38,15592189.84
Ahmedabad,Standard,1133,5,1,1,33,5066945.68
Bangalore,Budget,4603,3,1,2,24,19431892.93
Hyderabad,Budget,1892,2,2,3,35,5776302.18
Hyderabad,Standard,3946,3,2,2,12,23057750.4
Mumbai,Standard,3598,1,2,1,28,36764002.17
Pune,Premium,561,5,2,2,41,6031297.42
Ahmedabad,Budget,2969,5,2,4,8,10839464.74
Bangalore,Premium,2317,2,1,1,14,30315427.73
Ahmedabad,Standard,1132,5,1,1,30,4990283.32
Ahmedabad,Standard,3098,2,1,1,43,7830354.41
Chennai,Standard,3951,4,2,3,26,21373194.06
Mumbai,Premium,1800,1,1,2,30,33996984.77
Bangalore,Budget,3153,3,2,3,9,17980176.8
Bangalore,Premium,1954,3,1,1,36,19080208.41
Ahmedabad,Standard,1638,3,2,3,6,8001986.84
Mumbai,Premium,3692,4,2,2,31,69255623.18
Hyderabad,Premium,2710,1,2,2,10,22981675.9
Bangalore,Budget,4259,5,2,5,47,14823776.87
Hyderabad,Premium,3529,5,2,1,44,22902852.88
Mumbai,Budget,1860,1,2,1,27,15364263.68
Hyderabad,Standard,2926,1,2,2,3,17432880.56
Delhi,Premium,4768,3,2,2,47,42416692.8
Chennai,Budget,563,5,1,4,44,3580344.66
Kolkata,Standard,1845,1,1,2,30,6498764.48
Bangalore,Budget,1474,5,2,5,28,9739946.87
Pune,Premium,4661,1,2,2,32,35210640.77
Chennai,Budget,4128,2,1,3,3,20320029.45
Kolkata,Premium,2122,3,2,4,46,11138975.56
Hyderabad,Standard,957,1,2,2,25,4618463.04
Bangalore,Budget,3830,4,2,3,30,18881301.44
Hyderabad,Budget,2240,1,1,2,30,6208200.46
Delhi,Budget,3526,2,2,1,26,20500871.48
Mumbai,Budget,2454,4,2,3,24,23730014.13
Bangalore,Budget,779,4,2,2,47,3649070.67
Kolkata,Premium,2891,1,2,2,35,15688714.01
Kolkata,Standard,1540,2,2,2,48,4700464.91
Delhi,Standard,1461,4,1,5,30,12987853.8
Delhi,Standard,4345,3,1,1,42,28321603.95
Ahmedabad,Standard,1717,3,1,3,36,6241228.94
Bangalore,Standard,3720,5,2,1,44,18007553.49
Hyderabad,Premium,874,5,2,5,43,7736697.1
Pune,Standard,4630,2,2,3,22,27538203.84
Kolkata,Premium,1892,4,2,3,34,11559024.1
Kolkata,Standard,2576,3,2,2,3,12504882.09
Delhi,Standard,1274,3,2,4,27,11249640.56
Chennai,Budget,4816,2,1,1,41,13796877.56
Delhi,Budget,3924,4,2,4,40,17225423.78
Pune,Standard,2623,2,2,3,41,12233522.82
Hyderabad,Premium,4093,1,2,2,12,40618447.9
Hyderabad,Standard,779,3,2,1,0,5997165.54
Chennai,Premium,3311,2,2,3,11,33751280.9
Kolkata,Standard,2842,2,1,3,42,8228053.89
Delhi,Standard,1974,1,1,2,39,12501786.05
Ahmedabad,Premium,2357,5,2,5,25,15649938.73
Hyderabad,Standard,3389,3,2,4,45,12414666.37
Pune,Budget,1559,2,2,3,45,5204731.31
Bangalore,Budget,2422,3,2,1,22,13514611.52
Mumbai,Standard,4299,5,1,3,48,34119511.38
Mumbai,Premium,2973,2,2,2,21,65533594.01
Mumbai,Premium,4639,1,2,2,27,98328128.37
Ahmedabad,Standard,2351,3,2,4,16,10072900.6
Kolkata,Budget,4041,1,1,2,5,13140855.5
Delhi,Premium,1094,5,2,3,13,21103924.9
Chennai,Budget,1006,5,1,3,49,4169428.18
Ahmedabad,Premium,520,3,2,1,16,4991343.64
Ahmedabad,Budget,1899,5,1,1,37,5273319.05
Hyderabad,Standard,3701,4,2,1,4,24341605.26
Bangalore,Budget,2961,3,1,4,12,15335201.46
Ahmedabad,Standard,4178,4,1,1,47,10076929.23
Pune,Standard,836,5,2,5,8,9009826.98
Bangalore,Premium,2167,3,1,1,43,17065963.25
Pune,Premium,4076,4,1,4,41,30545681.66
Kolkata,Budget,1409,5,1,1,25,5083591.49
Delhi,Budget,775,2,2,1,12,6812671.26
Mumbai,Budget,1391,2,1,3,18,14365761.97
Ahmedabad,Standard,512,1,2,2,47,1704526.77
Delhi,Budget,4557,2,2,3,16,26058424.3
Kolkata,Premium,3525,4,2,1,15,28001368.23
Chennai,Standard,1473,2,1,3,29,7425062.57
Chennai,Standard,4770,3,2,3,31,21935073.46
Kolkata,Standard,4470,3,1,2,13,18522278.31
Pune,Standard,1908,3,2,2,47,7381477.71
Hyderabad,Premium,2443,2,2,3,14,21766230.54
Hyderabad,Standard,2788,2,2,3,11,14814740.29
Pune,Budget,1046,1,2,2,36,3964536.42
Chennai,Standard,1718,5,1,5,10,13323619.32
Chennai,Premium,1920,1,2,1,4,21383576.76
Ahmedabad,Premium,1954,4,2,4,10,16065218.52
Chennai,Standard,3877,3,2,4,33,17423644.3
Delhi,Standard,3272,2,2,3,18,27630670.59
Chennai,Standard,4598,5,2,2,25,21653610.35
Bangalore,Standard,3238,5,1,3,25,21338727.93
Ahmedabad,Standard,4247,2,1,3,16,16390125.61
Mumbai,Standard,2342,1,2,2,30,26839857.38
Chennai,Budget,1246,5,2,4,18,7443062.74
Pune,Standard,3316,1,2,2,43,13521855.46
Mumbai,Standard,1371,2,1,3,19,17143213.48
Delhi,Budget,994,1,1,2,22,6821477.68
Pune,Premium,3944,3,1,1,24,39267974.46
Mumbai,Premium,1575,2,2,3,27,31476018.32
Pune,Budget,4494,2,2,3,36,14632841.28
Delhi,Standard,4737,5,2,1,11,46058312.57
Ahmedabad,Standard,545,5,2,5,47,3310047.23
Bangalore,Premium,3556,5,1,3,0,59096598.58
Delhi,Standard,2557,3,1,2,1,28810374.04
Delhi,Standard,1163,3,2,4,9,13678497.1
Pune,Premium,2529,4,1,2,33,21720769.67
Ahmedabad,Standard,3196,2,2,1,31,9227427.06
Kolkata,Standard,1139,5,2,5,24,6461437.33
Hyderabad,Standard,3163,2,1,2,9,16679257.64
Chennai,Premium,3245,1,1,2,49,17418931.29
Chennai,Premium,4902,3,2,3,0,60677509.47
Bangalore,Standard,3095,4,2,1,31,18673391.76
Bangalore,Premium,3927,1,1,2,36,39743041.56
Chennai,Budget,894,2,1,3,11,5352936.51
Hyderabad,Premium,4097,3,2,3,48,23901631.91
Chennai,Standard,2832,5,2,3,17,16197851.74
Kolkata,Premium,829,1,2,1,29,5630625.12
Hyderabad,Standard,2597,3,2,3,12,14401321.03
Bangalore,Budget,1272,2,2,3,2,9996340.23
Mumbai,Premium,2145,2,2,1,20,51371565.75
Pune,Budget,2232,1,2,2,41,6532858.81
Kolkata,Standard,4973,1,2,1,13,19831987.88
Kolkata,Budget,2287,1,2,2,39,5340169.05
Ahmedabad,Standard,2123,4,1,5,9,10255576.13
Bangalore,Budget,1499,5,1,2,1,12223476.59
Bangalore,Standard,2348,3,1,1,44,12382149.12
Delhi,Standard,2061,2,1,3,36,15052787.62
Kolkata,Premium,1273,2,1,3,10,11406280.27
Delhi,Premium,2303,5,2,2,0,45379278.39
Delhi,Budget,1598,1,2,2,25,9223569.91
Pune,Standard,2550,1,2,1,41,11256937.43
Delhi,Standard,2098,2,1,3,12,21579374.09
Hyderabad,Budget,1247,5,1,3,27,5447303.75
Chennai,Standard,4473,2,2,2,35,18364630.27
Mumbai,Budget,2822,1,2,2,20,22546950.91
Bangalore,Budget,2053,3,2,4,9,13990592.64
Hyderabad,Standard,2115,1,1,2,11,10683346.24
Mumbai,Budget,4254,3,2,4,45,27071585.24
Kolkata,Premium,4924,4,2,5,26,31260570.81
Kolkata,Standard,2802,5,1,4,2,16888948.57
Kolkata,Standard,4721,4,1,1,27,17367066.55
Hyderabad,Standard,4155,1,1,2,1,22975707.6
Hyderabad,Budget,3895,5,2,5,27,13448852.53
Bangalore,Budget,716,1,1,2,30,3520490.42
Chennai,Standard,3816,5,1,3,42,16131943.57
Ahmedabad,Standard,1859,5,2,5,20,9618468.73
Delhi,Budget,4274,1,2,2,6,28465092.94
Kolkata,Standard,4777,1,2,2,49,11705246.67
Pune,Standard,4929,5,2,2,30,22768147.79
Chennai,Standard,4978,5,1,2,13,30653541.52
Pune,Budget,2396,1,2,1,38,7211000.2
Bangalore,Standard,4927,1,2,2,38,27342686.45
Bangalore,Budget,1399,2,2,1,8,9035242.36
Bangalore,Budget,1141,2,1,1,22,6237359.54
Mumbai,Standard,4127,2,1,3,11,52955848.94
Pune,Standard,695,4,2,5,28,5341421.27
Chennai,Budget,2393,5,2,1,37,8499388.33
Ahmedabad,Standard,3775,3,2,3,38,10965345.59
Chennai,Budget,4550,4,2,5,21,16576254.27
Hyderabad,Budget,2804,5,1,4,3,14900736.38
Hyderabad,Standard,4100,3,2,2,47,13056747.69
Kolkata,Budget,3843,2,2,3,6,12802892.32
Ahmedabad,Budget,2556,3,2,1,39,6101236.05
Hyderabad,Budget,3308,1,1,2,7,14030980.58
Bangalore,Standard,1724,1,2,2,34,9701047.18
Chennai,Premium,1386,5,1,2,8,17637812.8
Pune,Standard,892,4,1,3,12,7887724.41
Bangalore,Standard,2175,2,2,2,38,13206089.16
Mumbai,Standard,3690,5,2,4,19,45151274.0
Hyderabad,Budget,2946,2,2,3,20,11831849.76
Bangalore,Standard,4405,1,2,1,46,19002604.42
Bangalore,Standard,3838,4,2,4,18,27472835.46
Mumbai,Premium,4091,4,2,3,1,109343433.98
Delhi,Budget,4266,1,2,2,43,17048489.19
Chennai,Standard,3027,3,2,2,39,13090888.53
Pune,Standard,2681,4,2,5,29,15194981.8
Kolkata,Standard,4264,3,2,4,22,16559107.3
Delhi,Budget,854,2,2,3,39,4621632.48
Hyderabad,Standard,3131,4,2,1,12,16974543.34
Bangalore,Standard,2021,1,2,2,32,11728856.89
Ahmedabad,Budget,3172,3,1,4,31,7733204.06
Mumbai,Budget,3678,2,2,1,27,28663533.67
Mumbai,Budget,2837,2,2,1,23,22127847.42
Ahmedabad,Standard,1128,4,2,2,41,4400198.37
Chennai,Standard,3179,4,1,2,27,16963826.89
Delhi,Budget,4922,5,1,1,29,24892378.35
Kolkata,Standard,1938,5,2,4,40,7035940.96
Chennai,Budget,1921,4,2,1,28,7781050.32
Ahmedabad,Standard,1626,5,2,2,33,6529218.68
Bangalore,Standard,3183,1,2,2,21,21562634.65
Ahmedabad,Premium,2280,1,1,2,24,14585260.48
Chennai,Standard,2031,5,2,5,13,14908110.06
Pune,Premium,2414,4,1,3,9,29401135.71
Mumbai,Premium,1732,1,2,2,9,43181826.08
Mumbai,Budget,2456,2,1,3,7,24654749.96
Hyderabad,Standard,892,4,2,4,13,7284411.45
Hyderabad,Standard,1325,3,1,1,44,5601938.36
Ahmedabad,Budget,3463,3,1,1,37,7923954.92
Kolkata,Standard,2895,4,1,2,31,10733720.92
Bangalore,Premium,4645,5,2,5,44,37735565.33
Pune,Budget,2292,1,1,1,31,7452561.88
Delhi,Standard,3564,1,2,2,2,33004896.64
Chennai,Budget,1863,4,1,4,19,9455368.11
Kolkata,Budget,2848,2,1,3,12,9116713.27
Bangalore,Budget,4051,5,2,5,22,20303588.35
Hyderabad,Standard,4128,2,1,3,18,21422984.44
Ahmedabad,Standard,3836,4,2,1,15,14250371.79
Chennai,Standard,2065,4,2,5,35,10312917.28
Hyderabad,Premium,4167,2,2,2,34,26390960.43
Ahmedabad,Budget,2713,3,1,3,46,5335275.06
Chennai,Premium,4596,4,1,4,46,25898571.75
Delhi,Standard,1519,5,2,3,49,9667855.31
Bangalore,Budget,1784,2,2,2,6,11937563.43
Chennai,Standard,562,3,1,2,36,3691817.61
Pune,Standard,3030,2,2,3,7,20399690.52
Kolkata,Standard,3892,3,2,1,24,16048771.82
Mumbai,Budget,3772,3,1,2,22,30833385.04
Pune,Standard,2769,5,2,5,9,21440073.51
Pune,Budget,4747,4,2,4,29,16955310.37
Kolkata,Premium,1143,3,1,4,32,7841871.76
Mumbai,Budget,716,4,2,2,10,8762729.19
Pune,Budget,695,5,2,5,34,4411320.34
Chennai,Premium,4364,4,2,3,26,40463894.31
Chennai,Standard,3773,1,2,2,2,22188512.21
Chennai,Premium,3194,3,2,4,46,19520144.25
Mumbai,Budget,3712,5,1,5,48,22373207.28
Pune,Standard,3255,2,2,1,49,11352080.79
Ahmedabad,Standard,2021,5,1,2,7,11270964.62
Mumbai,Premium,1580,3,2,4,12,43305955.37
Chennai,Standard,1221,5,1,3,41,6108101.69
Kolkata,Premium,2062,2,2,3,2,17012687.48
Pune,Standard,1139,1,1,1,19,6412253.98
Pune,Standard,4760,3,2,3,45,18407243.56
Hyderabad,Budget,4810,3,2,4,44,11486953.09
Hyderabad,Standard,4287,5,2,2,34,17705502.93
Delhi,Standard,4236,4,2,3,12,42167229.53
Ahmedabad,Budget,589,4,2,4,19,4024936.59
Ahmedabad,Budget,3421,2,2,1,23,8230713.98
Bangalore,Budget,1751,1,1,2,8,9837532.15
Ahmedabad,Standard,1602,1,2,2,29,5887532.36
Hyderabad,Standard,848,5,1,1,24,5736177.84
Mumbai,Premium,4413,5,1,3,15,98950304.28
Ahmedabad,Budget,4552,4,1,2,7,14155870.23
Hyderabad,Premium,3441,1,2,1,43,19976356.55
Delhi,Standard,745,1,2,1,27,6127371.88
Pune,Standard,771,1,2,1,11,6174110.93
Ahmedabad,Standard,2530,2,2,3,23,9994161.49
Delhi,Standard,4998,2,2,3,48,28177999.33
Pune,Premium,3687,5,1,2,28,35731193.88
Kolkata,Standard,4006,4,2,2,14,18685098.99
Kolkata,Standard,1965,3,2,4,17,10313469.89
Pune,Budget,1695,4,2,4,6,10262772.06
Ahmedabad,Budget,3587,2,1,3,12,10511149.49
Bangalore,Budget,3508,2,2,3,18,16289829.16
Hyderabad,Budget,4323,5,2,5,47,10511763.21
Mumbai,Standard,2114,3,2,3,42,19430963.61
Mumbai,Premium,1626,1,2,2,4,44679667.04
Chennai,Standard,4879,3,2,1,25,23511001.07
Pune,Standard,1016,3,2,2,1,9207348.39
Mumbai,Standard,3165,3,2,4,32,35716505.57
Ahmedabad,Standard,1801,5,2,5,47,5443194.53
Bangalore,Standard,1111,2,1,1,36,6326910.62
Pune,Standard,1249,1,2,2,24,6828917.51
Bangalore,Standard,2356,3,2,3,24,15352803.0
Ahmedabad,Premium,899,1,2,1,38,4822148.34
Mumbai,Budget,2026,3,1,1,29,17316903.7
Mumbai,Premium,2524,2,1,3,40,40118818.28
Chennai,Premium,819,1,1,2,3,10376120.55
Mumbai,Standard,835,4,2,2,18,13729733.54
Pune,Standard,2598,2,2,2,26,13558580.92
Ahmedabad,Standard,673,1,1,2,46,2177910.68
Kolkata,Standard,4519,3,1,1,38,12787388.96
Ahmedabad,Standard,2141,3,2,3,23,9096585.13
Pune,Standard,1000,2,1,3,49,3996992.46
Pune,Budget,4146,2,2,3,36,13986468.19
Chennai,Budget,2863,3,1,4,24,10941084.46
Chennai,Standard,2356,1,2,2,28,12222625.4
Mumbai,Standard,3652,4,2,1,30,40019509.64
Delhi,Budget,2396,5,2,1,44,10185759.51
Ahmedabad,Premium,2218,2,2,1,34,11682593.54
Ahmedabad,Standard,2278,3,2,2,27,8977734.39
Delhi,Standard,3557,1,2,2,37,24041104.43
Chennai,Budget,3213,2,2,3,43,9780245.88
Mumbai,Premium,4328,1,1,2,49,64342148.46
Delhi,Standard,1594,2,1,3,49,9146715.53
Mumbai,Budget,545,3,1,4,3,7598983.38
Mumbai,Standard,1945,1,2,2,27,20170379.87
Mumbai,Premium,2696,3,1,4,30,57846045.14
Hyderabad,Budget,3701,1,2,2,22,13360975.86
Pune,Standard,955,2,2,3,13,6984119.12
Mumbai,Standard,2162,5,2,4,27,27254021.41
Hyderabad,Standard,3424,5,2,4,13,20683566.83
Chennai,Standard,1465,4,1,1,0,11466154.4
Delhi,Standard,2028,4,2,2,42,14428561.14
Pune,Premium,3476,3,2,1,31,27145353.88
Kolkata,Premium,3571,1,2,2,40,19702664.48
Delhi,Budget,3021,4,2,4,17,19934008.85
Pune,Standard,1626,2,2,2,4,12019640.23
Kolkata,Premium,3904,5,2,3,41,20609863.47
Delhi,Standard,4992,1,2,1,14,44324826.62
Pune,Budget,2843,5,1,4,41,9947580.48
Delhi,Premium,606,1,2,2,15,10990490.02
Delhi,Standard,3077,4,2,2,35,22059990.58
Kolkata,Premium,3654,4,2,2,35,21971316.61
Delhi,Premium,4883,3,2,3,39,53475127.67
Delhi,Premium,4553,1,1,2,29,64195610.07
Kolkata,Budget,714,2,2,1,37,2328762.56
Chennai,Premium,4939,4,2,5,22,44818665.36
Mumbai,Premium,4789,3,2,2,10,108833864.07
Ahmedabad,Standard,4753,4,2,4,24,16838148.81
Bangalore,Budget,964,5,1,2,44,4581650.77
Hyderabad,Standard,2872,4,2,4,42,12106548.64
Bangalore,Standard,1091,1,2,2,1,9139627.54
Bangalore,Premium,2688,3,2,2,34,26604970.43
Pune,Standard,1383,1,2,2,46,5983846.64
Mumbai,Standard,4658,2,2,1,23,51747392.53
Pune,Standard,803,2,2,3,12,6941265.18
Mumbai,Standard,4991,4,1,5,41,49435263.56
Kolkata,Standard,833,3,2,1,36,4032077.59
Kolkata,Premium,3333,3,2,2,29,19724485.35
Ahmedabad,Standard,2831,3,2,4,10,12217946.01
Mumbai,Premium,579,3,2,1,22,13055973.92
Delhi,Budget,4263,4,1,1,45,16663603.59
Chennai,Budget,3331,1,2,2,27,10259591.25
Ahmedabad,Budget,2477,4,1,4,28,7741997.46
Ahmedabad,Budget,1232,1,2,2,14,4280920.89
Delhi,Standard,4476,5,1,4,44,26148688.84
Chennai,Budget,2317,5,2,2,2,12421070.58
Pune,Standard,1884,1,2,2,8,12759368.73
Chennai,Standard,2624,4,1,3,7,16737900.4
Pune,Standard,1698,2,1,3,46,7494165.3
Kolkata,Standard,2792,4,2,1,32,9843564.4
Bangalore,Budget,4717,2,1,2,33,20277481.84
Kolkata,Standard,684,4,1,1,8,5300176.62
Kolkata,Standard,4627,3,2,4,16,21745824.25
Bangalore,Budget,1497,3,2,4,40,6113382.96
Chennai,Premium,2486,5,1,5,0,27946161.63
Ahmedabad,Standard,3309,5,1,1,39,9905732.0
Chennai,Budget,2857,1,2,1,4,13820427.07
Pune,Standard,2179,2,1,1,29,11634423.05
Delhi,Standard,3539,3,2,1,10,34749594.59
Pune,Standard,3011,4,1,3,27,14867457.08
Delhi,Standard,4027,1,2,2,37,25547561.1
Kolkata,Budget,3526,4,2,2,16,11484473.65
Bangalore,Standard,3245,3,2,2,49,14636771.37
Kolkata,Standard,4673,3,2,2,22,17463349.94
Mumbai,Premium,3081,3,1,3,17,67729088.33
Chennai,Premium,4703,3,2,4,36,35193767.22
Delhi,Budget,3311,4,1,5,26,21335060.6
Pune,Standard,4590,1,1,2,24,24342216.09
Bangalore,Standard,869,3,1,1,4,8882899.37
Delhi,Premium,4243,5,2,4,18,72225666.9
Pune,Standard,2504,1,2,1,26,12104850.78
Chennai,Budget,2203,5,1,2,12,9936613.44
Kolkata,Standard,3824,4,2,1,6,19731021.71
Chennai,Premium,940,3,1,3,25,9298748.98
Hyderabad,Standard,3757,1,2,2,13,19007755.9
Mumbai,Budget,3406,3,2,4,26,27038771.86
Hyderabad,Standard,726,3,2,2,7,6046778.48
Bangalore,Budget,2901,1,2,1,30,12139873.07
Delhi,Standard,1524,3,2,4,34,11602333.13
Bangalore,Budget,3991,3,1,4,26,18251288.16
Kolkata,Standard,4756,2,1,3,3,22077804.86
Pune,Premium,1370,2,2,2,41,11572955.19
Chennai,Standard,3699,1,2,2,3,25190722.06
Hyderabad,Standard,2245,1,2,2,17,12274750.18
Ahmedabad,Budget,943,3,1,4,22,4488426.7
Hyderabad,Budget,972,5,2,5,31,5157574.04
Kolkata,Standard,579,1,2,2,11,3904497.47
Hyderabad,Standard,739,3,2,3,19,5376924.5
Kolkata,Premium,1089,5,2,2,46,6980809.17
Ahmedabad,Budget,1860,2,2,2,44,3795415.47
Bangalore,Standard,2384,1,1,2,11,19167747.35
Chennai,Standard,2816,3,1,4,7,16620815.38
Delhi,Standard,4930,2,2,1,21,38516528.81
Pune,Premium,811,4,2,4,26,10151771.5
Delhi,Standard,1576,2,1,2,40,10993848.0
Bangalore,Standard,533,3,2,3,40,4179441.89
Pune,Premium,2341,5,1,1,16,26409536.26
Hyderabad,Budget,4981,4,1,4,31,14404416.5
Ahmedabad,Standard,748,4,2,3,32,4351835.76
Ahmedabad,Premium,1634,4,1,2,30,9128976.31
Mumbai,Standard,875,1,2,2,5,14819673.59
Bangalore,Budget,1223,3,2,1,38,5690733.5
Bangalore,Standard,2413,4,2,3,8,22541663.48
Chennai,Standard,4797,2,2,2,41,18082066.59
Delhi,Premium,2992,5,2,2,31,39046017.27
Bangalore,Premium,2442,3,2,1,35,24108856.02
Bangalore,Standard,4504,2,1,1,15,31007206.88
Hyderabad,Budget,2844,1,2,2,11,10341320.25
Hyderabad,Budget,1831,4,1,4,40,6506215.72
Pune,Premium,837,2,1,1,2,10821542.71
Kolkata,Standard,2365,3,2,1,26,9633206.9
Kolkata,Budget,3637,2,1,3,26,8934774.15
Mumbai,Standard,1291,1,2,2,8,17507544.26
Kolkata,Budget,4111,5,2,2,16,14086275.86
Chennai,Premium,4200,4,1,4,45,28674513.22
Mumbai,Budget,2016,3,1,4,4,22787142.15
Pune,Budget,4453,4,2,1,25,16136951.78
Hyderabad,Budget,4408,4,1,1,20,14380750.67
Kolkata,Standard,3173,4,1,4,0,18768043.16
Delhi,Standard,2622,2,1,3,0,29254011.29
Hyderabad,Budget,4285,2,1,3,34,13274311.53
Ahmedabad,Standard,558,5,2,4,8,5170208.96
Chennai,Standard,2933,1,1,2,22,15843097.37
Hyderabad,Budget,2562,3,2,4,37,8596985.94
Chennai,Budget,1754,2,2,1,40,5932589.99
Chennai,Budget,4188,4,2,1,3,17822916.65
Chennai,Standard,4248,1,2,1,18,23028898.11
Pune,Budget,4630,3,1,2,36,15036303.19
Chennai,Budget,4757,3,2,1,4,21701259.62
Chennai,Premium,3529,3,2,1,27,29319917.65
Ahmedabad,Standard,3346,3,1,4,45,9217884.26
Delhi,Standard,970,5,1,5,41,8761243.99
Mumbai,Standard,4535,3,2,4,47,39173087.91
Bangalore,Budget,3399,1,2,1,22,16425637.55
Ahmedabad,Standard,1946,2,1,1,37,6029578.77
Mumbai,Budget,4943,1,1,1,22,42874180.46
Chennai,Budget,1412,4,2,4,45,4969673.08
Delhi,Standard,4742,5,2,4,17,41064030.42
Hyderabad,Budget,2211,5,1,4,28,9216828.16
Delhi,Standard,1174,4,2,5,27,10197278.05
Ahmedabad,Budget,1939,1,2,2,8,6705397.81
Chennai,Premium,3234,1,2,2,38,24002477.9
Delhi,Budget,4130,4,2,4,49,16549278.67
Kolkata,Standard,1185,3,2,3,9,7909176.65
Delhi,Standard,1626,3,2,2,1,18472433.82
Chennai,Budget,4716,2,1,1,12,17543139.37
Pune,Standard,2966,1,2,2,37,12727890.32
Kolkata,Standard,2897,1,2,2,26,11630194.16
Delhi,Standard,4637,4,1,3,40,32481178.26
Bangalore,Budget,3938,4,2,2,19,19975608.14
Bangalore,Standard,4624,3,2,4,39,22712720.77
Delhi,Premium,1465,1,1,2,9,24016555.88
Pune,Standard,1419,1,1,1,15,8782603.78
Hyderabad,Standard,3372,5,2,4,14,19581901.58
Chennai,Premium,2008,2,1,3,12,21295935.44
Bangalore,Standard,1712,2,2,3,49,8650699.28
Hyderabad,Standard,1371,3,2,4,37,6855367.85
Delhi,Premium,4890,1,2,2,19,69042847.57
Ahmedabad,Standard,3754,5,2,5,23,14410343.99
Hyderabad,Budget,1363,1,1,2,40,4131448.13
Kolkata,Premium,4453,4,1,3,49,20404521.59
Mumbai,Standard,3608,3,2,4,6,50022881.54
Bangalore,Standard,3555,2,2,2,22,22914746.59
Delhi,Standard,4494,1,2,1,23,37677646.74
Ahmedabad,Budget,3182,3,1,1,28,7339777.64
Chennai,Standard,1113,2,2,3,4,8848540.36
Ahmedabad,Standard,2372,1,2,2,42,6454024.18
Pune,Premium,3654,5,1,3,44,24022805.23
Kolkata,Standard,3873,3,1,4,34,13718160.92
Delhi,Standard,3691,1,2,2,0,35662524.79
Chennai,Premium,1067,2,2,3,35,8739142.17
Pune,Standard,4633,2,2,1,17,25474822.43
Pune,Budget,744,5,1,4,5,6888118.93
Delhi,Standard,520,3,2,3,22,6509983.37
Kolkata,Standard,893,3,2,4,9,5878190.19
Hyderabad,Budget,4314,1,2,2,6,18084550.55
Hyderabad,Budget,2555,2,2,3,43,6184751.8
Pune,Standard,4015,2,2,1,7,26100646.85
Hyderabad,Budget,2875,5,1,5,12,13128434.85
Mumbai,Budget,2410,5,2,5,29,21394567.62
Pune,Standard,789,3,2,1,17,5844671.65
Pune,Standard,3058,2,1,3,13,17088740.48
Chennai,Standard,860,1,1,2,10,5672212.59
Hyderabad,Budget,2122,4,1,4,41,6079168.44
Kolkata,Standard,4814,1,2,1,37,15601439.48
Pune,Premium,4594,5,2,4,12,47420723.49
Ahmedabad,Budget,2953,1,1,2,41,5502820.95
Kolkata,Standard,2515,2,2,3,43,7603269.93
Mumbai,Premium,2540,3,1,3,32,48776717.25
Chennai,Standard,2544,4,2,4,49,10056504.74
Delhi,Standard,3300,3,1,1,12,30628432.61
Kolkata,Budget,3470,4,2,1,24,9445410.0
Pune,Standard,1331,4,1,3,23,9376941.71
Mumbai,Budget,2293,2,2,3,28,17338100.7
Bangalore,Standard,4192,2,1,3,35,23685490.72
Mumbai,Premium,2291,5,1,4,5,65957851.22
Mumbai,Budget,3341,5,2,4,17,30947654.61
Chennai,Standard,2654,4,1,1,27,13312621.32
Delhi,Standard,1080,5,2,2,4,12394560.49
Bangalore,Standard,3353,2,2,3,17,25553985.85
Hyderabad,Budget,2736,5,2,5,36,9746232.51
Hyderabad,Standard,4676,4,2,1,6,25366784.67
Kolkata,Premium,2655,3,2,4,8,21960108.45
Mumbai,Premium,1844,1,2,1,34,35035219.49
Ahmedabad,Standard,845,5,2,4,11,6295402.1
Chennai,Budget,2386,2,2,2,45,6165260.25
Ahmedabad,Standard,1054,3,1,2,39,3928245.24
Chennai,Standard,4270,2,1,3,43,16387794.07
Hyderabad,Premium,4897,5,2,4,38,31311915.58
Kolkata,Standard,699,4,1,1,23,4018201.17
Kolkata,Budget,3440,1,1,1,8,11606809.18
Kolkata,Standard,3990,1,2,1,11,16289705.59
Bangalore,Budget,806,3,2,3,35,4700857.45
Delhi,Standard,3575,1,1,2,36,24552976.56
Bangalore,Premium,2156,4,2,1,8,29999480.35
Pune,Budget,3192,2,2,2,38,10549177.33
Pune,Standard,2264,4,1,1,45,9392499.47
Ahmedabad,Budget,775,3,2,1,21,3581046.59
Delhi,Budget,3861,3,2,1,16,25080942.67
Hyderabad,Premium,1901,1,2,2,32,14713324.5
Delhi,Premium,2275,4,2,1,46,24363641.64
Chennai,Budget,3881,2,2,3,23,13573656.51
Pune,Standard,4550,4,1,5,14,25782282.75
Mumbai,Premium,3960,2,1,3,28,70546473.63
Mumbai,Premium,2380,2,2,2,31,49417344.04
Hyderabad,Premium,4335,4,2,1,32,33836014.49
Chennai,Budget,4778,5,2,1,28,15458883.78
Ahmedabad,Premium,2344,4,2,1,14,16878232.14
Bangalore,Standard,3877,2,1,3,26,22660562.34
Chennai,Standard,571,3,2,4,33,4618817.42
Mumbai,Standard,2176,3,2,2,3,32359916.76
Mumbai,Premium,1795,1,2,1,48,25886324.64
Ahmedabad,Budget,1543,3,2,4,47,3570890.27
Pune,Premium,3125,5,2,4,17,32460568.83
Chennai,Budget,3542,2,2,3,20,13023982.74
Chennai,Budget,1314,4,1,2,47,4334555.35
Mumbai,Standard,2694,4,2,4,7,40089630.48
Bangalore,Standard,4000,5,1,1,5,32124805.33
Hyderabad,Standard,809,3,2,1,19,5036154.1
Kolkata,Standard,2561,2,2,3,1,13545099.24
Hyderabad,Budget,4727,3,2,4,44,12642982.4
Chennai,Budget,2377,1,2,2,21,9489597.97
Hyderabad,Standard,3302,3,1,4,20,17341496.83
Mumbai,Standard,2986,1,2,2,5,42797763.43
Mumbai,Budget,4245,4,2,5,31,34624554.41
Ahmedabad,Budget,1294,2,1,3,5,5210868.46
Chennai,Standard,4514,1,2,2,12,23394534.55
Ahmedabad,Standard,4853,3,2,1,0,21360481.63
Chennai,Standard,3907,3,2,2,21,18988835.88
Kolkata,Budget,2956,4,1,4,23,8819917.58
Kolkata,Premium,2351,5,2,4,40,12452760.24
Pune,Standard,1474,5,2,1,29,8748328.37
Chennai,Standard,1547,3,2,1,21,8840288.3
Bangalore,Standard,4866,5,2,5,43,25504269.71
Hyderabad,Standard,4737,2,2,2,11,25157392.77
Chennai,Budget,4289,5,2,4,25,17613599.29
Delhi,Premium,3521,2,2,3,3,59494676.61
Pune,Standard,4869,3,1,1,18,26300235.92
Delhi,Premium,4529,3,1,3,15,77626418.2
Mumbai,Premium,964,3,2,4,11,25457798.69
Kolkata,Standard,787,4,2,1,32,4561510.25
Hyderabad,Standard,3695,5,2,4,20,19347644.94
Chennai,Standard,1375,1,2,1,35,6171602.84
Delhi,Standard,2492,1,1,2,8,22339218.73
Hyderabad,Premium,3425,3,2,3,38,24290860.93
Mumbai,Standard,1620,5,2,2,41,15018836.66
Kolkata,Budget,946,2,1,1,44,2413542.73
Bangalore,Budget,3332,1,1,2,7,19109814.31
Pune,Standard,4068,3,2,4,19,23801518.07
Hyderabad,Standard,3396,1,2,2,9,19762552.24
Hyderabad,Budget,1221,1,1,1,31,3571144.23
Bangalore,Premium,2663,1,2,2,27,29957662.81
Hyderabad,Budget,3082,3,1,4,9,13104459.05
Mumbai,Budget,1851,3,2,4,7,19335887.0
Mumbai,Premium,4480,4,2,2,46,70194978.69
Bangalore,Premium,3884,4,2,2,32,39361303.39
Pune,Budget,2225,4,2,5,46,7457634.59
Chennai,Standard,1193,1,1,1,48,4638603.48
Delhi,Premium,3913,5,2,3,12,65058255.83
Chennai,Standard,994,3,1,3,43,5075814.73
Hyderabad,Standard,1447,4,2,5,34,8039910.36
Delhi,Standard,522,5,2,5,28,6928829.68
Ahmedabad,Budget,1628,4,1,4,4,7935541.65
Bangalore,Budget,1057,4,1,4,2,8399706.53
Bangalore,Standard,2116,5,1,2,36,13708349.87
Pune,Standard,4230,4,2,1,40,17732708.64
Delhi,Standard,2156,1,2,1,5,23074272.93
Mumbai,Standard,4673,1,2,2,47,37898211.89
Delhi,Premium,1306,1,2,2,41,15810299.97
Hyderabad,Budget,3812,2,1,2,15,15018996.25
Mumbai,Budget,953,4,2,4,34,9021086.27
Kolkata,Standard,3475,2,2,3,17,14827708.61
Kolkata,Standard,2824,3,1,1,10,13987167.18
Ahmedabad,Standard,1947,5,2,2,22,8394319.48
Kolkata,Standard,3061,3,1,4,46,7985150.31
Bangalore,Standard,3011,2,2,3,10,23219586.43
Delhi,Standard,3371,1,2,2,28,25390616.72
Kolkata,Budget,862,4,1,3,41,3178692.18
Chennai,Standard,3954,4,1,2,26,19097617.25
Pune,Standard,3298,1,1,2,8,19297651.22
Chennai,Budget,3953,4,2,5,34,12739805.36
Kolkata,Premium,3755,5,1,4,8,29667555.25
Ahmedabad,Standard,1717,5,2,4,17,8581706.39
Pune,Standard,1985,5,2,3,43,9083097.73
Hyderabad,Standard,2603,3,1,4,20,13692806.15
Chennai,Budget,3036,1,2,2,47,7176380.95
Ahmedabad,Standard,2355,5,2,4,35,9421568.52
Delhi,Budget,1707,2,2,3,0,14180905.51
Delhi,Standard,1948,5,2,2,26,15743298.55
Chennai,Standard,2007,3,1,1,44,7516905.9
Kolkata,Budget,1503,2,2,3,39,4424390.01
Ahmedabad,Standard,1425,1,1,2,37,3924175.17
Delhi,Standard,583,1,1,2,28,5504811.9
Hyderabad,Standard,4242,5,1,5,39,16368446.6
Mumbai,Standard,4427,2,1,3,18,56246227.64
Kolkata,Premium,2042,2,1,1,23,15247856.38
Ahmedabad,Standard,1485,5,2,4,43,5612617.45
Hyderabad,Standard,4731,5,1,1,0,31619250.92
Ahmedabad,Standard,1408,4,1,4,35,6147153.75
Pune,Budget,3408,4,1,4,22,15793953.75
Hyderabad,Standard,3237,5,1,4,12,20011794.31
Kolkata,Budget,3086,3,1,1,29,7982970.53
Pune,Premium,1643,4,1,3,48,11150568.45
Kolkata,Standard,1831,5,2,2,36,7310397.5
Delhi,Budget,3848,2,1,2,10,28242328.05
Mumbai,Standard,2053,4,1,3,6,30791233.46
Kolkata,Budget,2842,3,2,3,34,7088641.62
Kolkata,Standard,2306,1,2,2,10,11284328.21
Delhi,Premium,2600,2,2,3,48,24797458.53
Bangalore,Standard,1305,3,2,2,42,7686729.64
Delhi,Standard,4647,3,2,4,46,28922472.74
Pune,Budget,3275,3,1,4,39,10836978.42
Delhi,Standard,571,2,2,3,47,4307756.09
Delhi,Budget,527,3,1,1,20,4681239.22
Mumbai,Budget,968,1,2,2,46,6440150.6
Delhi,Standard,4483,4,1,5,2,43957841.23
Ahmedabad,Standard,1263,2,2,3,29,5104037.29
Kolkata,Budget,1924,3,2,4,23,6220271.63
Ahmedabad,Budget,2748,5,2,5,37,7618113.42
Mumbai,Standard,4332,4,1,3,2,67525002.93
Chennai,Standard,4560,2,1,3,36,18045272.96
Bangalore,Standard,4570,5,2,5,32,27780936.4
Ahmedabad,Standard,2175,5,2,5,21,10097960.06
Mumbai,Standard,1059,3,2,4,30,12494431.93
Pune,Budget,4974,2,2,3,45,13092802.62
Chennai,Premium,4331,3,2,4,11,46531989.53
Mumbai,Premium,2418,1,2,2,44,39313045.93
Mumbai,Standard,578,5,2,5,13,11042756.54
Bangalore,Standard,4147,1,2,2,11,32204176.6
Kolkata,Standard,1531,3,2,4,26,7172948.63
Ahmedabad,Standard,2572,4,2,1,12,12326825.87
Pune,Standard,1984,5,2,4,23,12500460.44
Hyderabad,Premium,2745,4,2,3,37,20771947.14
Ahmedabad,Standard,2050,2,2,3,46,5663493.0
Hyderabad,Budget,2329,5,2,4,47,6867997.92
Mumbai,Standard,4251,1,2,2,8,62095020.91
Delhi,Standard,2531,4,1,5,7,25760421.63
Pune,Standard,4959,2,2,3,36,23026169.89
Chennai,Budget,4356,5,2,3,14,18236508.85
Delhi,Standard,2682,2,1,3,6,26443575.26
Delhi,Standard,4969,1,1,2,23,40554461.32
Ahmedabad,Budget,2594,5,2,1,48,5359331.49
Pune,Standard,4403,2,2,3,15,24624644.92
Kolkata,Premium,3532,3,2,2,23,25735795.76
Mumbai,Standard,2048,5,2,5,42,21900736.24
Mumbai,Premium,867,5,1,4,6,26031961.24
Mumbai,Standard,564,5,2,5,42,7738134.23
Mumbai,Budget,3799,5,2,1,27,34597002.69
Ahmedabad,Standard,2535,3,1,4,1,12902121.61
Hyderabad,Budget,3363,1,1,2,33,10253836.02
Mumbai,Premium,2376,3,2,2,37,40808759.99
Hyderabad,Budget,2728,3,2,4,2,13661374.82
Hyderabad,Standard,1096,2,1,3,0,7223685.15
Kolkata,Standard,4106,4,2,4,30,16198956.3
Mumbai,Premium,3174,4,2,5,22,74246758.75
Bangalore,Budget,4389,2,2,3,19,21261793.08
Chennai,Premium,4006,3,2,4,15,40330601.19
Delhi,Premium,2334,2,1,3,45,25882598.8
Hyderabad,Standard,1895,5,2,5,31,10789316.04
Pune,Standard,2086,2,1,3,16,11963678.3
Pune,Standard,611,2,2,1,17,5104100.86
Chennai,Premium,952,5,1,1,3,12301460.56
Pune,Standard,3303,4,2,4,34,17160067.17
Bangalore,Standard,3131,5,2,1,39,16687617.92
Pune,Standard,2686,1,2,2,35,11229849.05
Delhi,Standard,4848,2,2,3,22,37236614.62
Delhi,Budget,2504,2,2,3,14,16656183.61
Hyderabad,Standard,1959,4,2,4,12,13075355.93
Mumbai,Standard,2442,3,2,3,13,31484547.22
Kolkata,Standard,3993,5,1,3,13,19754121.32
Bangalore,Budget,2357,3,1,1,36,10694305.16
Hyderabad,Budget,561,1,1,2,4,3411408.47
Bangalore,Budget,1994,5,1,5,21,11761350.98
Mumbai,Standard,1680,1,1,1,27,19386726.44
Ahmedabad,Premium,3288,1,1,2,44,12553456.61
Pune,Standard,2375,1,1,2,3,15200005.43
Pune,Standard,2708,5,2,5,49,11951221.72
Kolkata,Standard,605,5,2,5,37,3887036.86
Mumbai,Budget,1654,4,2,3,28,16007100.16
Hyderabad,Budget,3928,2,2,3,36,10229049.89
Kolkata,Budget,4587,3,1,2,34,10181989.34
Mumbai,Standard,2208,3,1,1,19,26600122.8
Chennai,Standard,3323,1,2,2,34,14996285.38
Delhi,Standard,4425,5,2,5,34,31771782.36
Kolkata,Premium,2408,5,2,5,19,17763127.86
Kolkata,Budget,2549,1,2,2,1,9786516.28
Hyderabad,Premium,4964,2,1,3,17,46100245.24
Bangalore,Standard,1774,3,1,2,29,11806962.69
Chennai,Standard,1445,4,1,4,41,6386950.49
Hyderabad,Standard,4404,2,1,1,28,16870650.49
Mumbai,Budget,2727,5,2,5,38,21495702.3
Mumbai,Standard,4296,1,2,1,21,53244220.81
Mumbai,Budget,792,3,1,4,28,8523896.76
Ahmedabad,Standard,2722,1,2,2,45,6877786.84
Mumbai,Standard,4473,5,2,2,9,58618979.24
Bangalore,Budget,2991,1,1,2,19,14259113.23
Chennai,Standard,2975,3,1,2,15,17581011.26
Pune,Budget,4229,1,1,2,5,18972750.6
Delhi,Standard,927,3,2,2,16,10874672.04
Bangalore,Standard,3472,1,2,2,5,27285874.22
Bangalore,Standard,606,1,1,1,21,4662641.44
Ahmedabad,Budget,4119,3,2,3,17,11164736.68
Pune,Premium,3833,1,2,2,31,29753967.82
Pune,Budget,4492,2,1,1,27,16480596.81
Delhi,Standard,1725,4,2,1,41,12039148.9
Delhi,Standard,4504,2,1,3,9,38480927.21
Pune,Standard,4750,4,1,5,40,19622389.07
Mumbai,Standard,3868,2,2,3,21,48939925.18
Bangalore,Standard,1395,4,1,3,27,10904772.97
Hyderabad,Budget,4405,1,1,2,14,15030908.94
Delhi,Standard,2120,3,2,1,42,14031911.54
Ahmedabad,Standard,4363,3,2,3,28,13828244.8
Ahmedabad,Standard,2792,5,2,1,6,14117750.27
Delhi,Premium,1885,4,2,4,49,19792018.68
Pune,Standard,4399,5,2,2,33,19912410.29
Chennai,Standard,4092,5,2,1,31,19852415.13
Hyderabad,Standard,2933,4,1,1,1,17831208.18
Hyderabad,Premium,3306,3,2,4,25,24972263.08
Delhi,Standard,3883,4,2,5,44,23762516.64
Mumbai,Standard,1801,1,2,2,10,25418653.19
Chennai,Standard,1258,5,2,5,24,9337374.26
Hyderabad,Standard,1246,5,1,1,18,7408081.94
Delhi,Premium,1092,4,2,1,19,19243445.3
Ahmedabad,Budget,3386,5,2,3,32,8256811.65
Hyderabad,Budget,4611,3,2,3,16,16174804.74
Kolkata,Budget,1568,5,2,2,29,6010864.6
Chennai,Premium,3807,4,1,2,17,36099102.52
Chennai,Budget,1202,3,2,3,31,5869122.73
Kolkata,Budget,604,3,2,1,39,2609460.71
Bangalore,Budget,1997,5,2,4,44,8155075.78
Ahmedabad,Premium,4333,4,1,3,3,35721630.52
Kolkata,Standard,895,5,1,1,31,4666862.0
Pune,Budget,4017,1,1,2,18,15248801.81
Pune,Standard,3153,1,2,2,2,21530347.25
Delhi,Standard,3791,3,2,3,37,27698457.53
Chennai,Standard,2510,5,1,5,27,14341956.51
Bangalore,Standard,4381,1,2,1,37,23712086.15
Bangalore,Premium,2488,2,2,3,5,37759286.22
Hyderabad,Standard,2168,1,2,2,39,8450087.9
Hyderabad,Premium,1551,5,1,5,16,16926146.71
Kolkata,Standard,3341,5,1,4,41,10318778.32
Bangalore,Standard,4084,1,2,2,4,30687603.87
Kolkata,Standard,847,5,2,5,18,6308588.87
Ahmedabad,Premium,1763,5,2,2,42,10051551.06
Kolkata,Standard,3242,2,1,3,41,10145774.0
Hyderabad,Budget,2573,3,1,1,34,7962462.41
Chennai,Premium,3648,5,2,5,21,31061019.72
Kolkata,Premium,1851,4,1,4,23,13195543.02
Mumbai,Premium,3321,3,2,1,9,88770184.55
Chennai,Budget,4327,3,2,4,1,19788183.18
Bangalore,Standard,1169,4,2,2,27,9432263.5
Bangalore,Standard,3146,1,2,1,40,14879147.97
Kolkata,Premium,766,2,2,1,36,5231927.01
Chennai,Standard,1938,5,2,5,16,13550293.41
Hyderabad,Budget,3193,1,2,2,5,13763720.22
Hyderabad,Budget,1522,4,1,1,42,4788835.07
Pune,Standard,2537,2,2,1,4,18024803.82
Bangalore,Premium,1064,2,1,2,38,10525889.41
Delhi,Premium,1559,2,1,2,6,30479250.88
Pune,Premium,1924,4,2,2,31,17679482.89
Hyderabad,Standard,4623,1,1,2,3,24327620.96
Chennai,Premium,719,5,1,1,20,8901343.5
Ahmedabad,Standard,905,2,1,2,41,3169225.85
Hyderabad,Standard,2137,2,2,2,31,10066578.22
Chennai,Budget,2818,1,1,2,17,10120413.9
Pune,Standard,2259,2,1,3,32,10737613.7
Bangalore,Budget,2174,2,1,2,13,13088602.05
Hyderabad,Budget,1291,4,2,5,5,8842072.62
Kolkata,Premium,4082,3,2,3,10,31816054.7
Chennai,Budget,1809,1,2,2,45,4551198.38
Bangalore,Standard,4333,1,2,2,19,28159529.72
Ahmedabad,Standard,4912,1,2,1,28,14319752.45
Ahmedabad,Standard,1830,4,1,1,34,6370600.72
Delhi,Budget,4946,4,2,2,15,30813400.13
Chennai,Standard,1010,5,1,1,47,5117751.09
Pune,Standard,3072,4,2,1,6,19274723.33
Delhi,Budget,4429,1,1,2,39,20212054.71
Delhi,Premium,991,5,2,5,35,14728188.83
Mumbai,Standard,2117,3,2,2,43,20152608.02
Hyderabad,Budget,2556,2,2,3,43,6891410.84
Chennai,Budget,2020,2,1,2,30,7287207.74
Delhi,Budget,2083,5,2,5,41,11706230.62
Mumbai,Budget,2075,3,2,2,43,14630751.94
Pune,Premium,4446,2,1,1,42,28151458.59
Bangalore,Budget,2261,5,2,5,42,8808734.34
Kolkata,Standard,2491,4,1,3,46,8135622.92
Kolkata,Standard,3679,1,1,2,5,17119828.96
Chennai,Premium,3826,3,1,4,28,34516018.73
Delhi,Standard,1546,2,2,3,26,12889602.33
Kolkata,Budget,3392,1,2,2,42,6610278.99
Hyderabad,Budget,3113,5,1,1,1,14755786.42
Kolkata,Standard,4392,2,2,3,21,17131348.95
Kolkata,Premium,4644,1,1,2,8,35833772.6
Kolkata,Standard,961,4,2,4,10,7380222.91
Ahmedabad,Budget,4931,3,1,3,15,14204438.16
Mumbai,Budget,1881,5,2,1,44,12095769.16
Delhi,Standard,1645,2,1,3,12,16905267.75
Hyderabad,Premium,4015,4,1,5,17,36386950.03
Delhi,Standard,4954,3,2,1,24,40015463.5
Ahmedabad,Standard,692,3,2,3,32,3850800.37
Chennai,Budget,4034,4,2,2,9,18380116.36
Chennai,Standard,1255,2,1,3,29,6638408.34
Chennai,Standard,2184,3,2,4,48,8555731.19
Pune,Standard,3025,5,1,4,0,24303390.19
Kolkata,Premium,1327,1,1,2,32,7679480.92
Pune,Budget,1389,5,1,4,48,5155330.45
Mumbai,Standard,2955,3,2,2,14,39932625.2
Chennai,Standard,2833,1,2,2,28,12092994.82
Ahmedabad,Standard,610,4,1,5,1,6062696.22
Hyderabad,Standard,1292,1,1,2,10,7292076.32
Delhi,Standard,3143,1,2,2,33,20177539.96
Kolkata,Budget,3914,1,2,2,40,8227593.89
Bangalore,Standard,1809,3,1,2,18,12745458.11
Hyderabad,Standard,796,2,2,3,1,6778458.33
Kolkata,Premium,2129,3,2,1,47,10507490.44
Pune,Standard,1068,2,1,3,19,6832730.1
Pune,Premium,4611,4,2,3,40,37378499.45
Hyderabad,Standard,571,4,2,2,30,4119319.72
Pune,Budget,4865,4,2,5,3,25238262.51
Chennai,Budget,4882,4,2,3,28,18096549.74
Mumbai,Standard,565,4,2,4,29,8454675.89
Delhi,Standard,1379,5,2,3,12,16809824.38
Mumbai,Premium,567,3,2,4,14,16736674.62
Kolkata,Standard,1716,2,2,3,19,8713550.81
Delhi,Budget,3527,4,2,4,33,18340491.95
Ahmedabad,Standard,3739,5,1,5,27,13824295.31
Delhi,Standard,3980,5,2,4,19,37805173.27
Mumbai,Budget,1007,5,1,3,49,7701592.39
Hyderabad,Budget,4214,3,2,1,24,15329328.67
Delhi,Standard,3384,4,2,3,26,29488080.9
Ahmedabad,Standard,1625,5,2,5,29,7873332.28
Ahmedabad,Premium,1385,5,2,4,40,7531188.93
Ahmedabad,Premium,3341,4,2,1,19,20947659.14
Mumbai,Budget,4377,3,2,4,0,45232576.7
Delhi,Budget,3025,5,2,2,34,15161014.24
Bangalore,Budget,1425,2,1,2,48,4823102.08
Hyderabad,Premium,4715,1,2,2,42,25566879.44
Chennai,Budget,2438,1,1,1,23,8209706.18
Delhi,Standard,4314,1,2,2,24,37027129.36
Ahmedabad,Standard,3862,3,1,1,39,10242972.57
Bangalore,Standard,3732,5,2,1,11,27500545.49
Chennai,Premium,4244,1,2,1,10,44273812.08
Chennai,Budget,3965,1,1,2,29,13508431.95
Kolkata,Standard,940,4,1,3,12,6041039.82
Delhi,Premium,4111,5,1,1,46,39736951.48
Mumbai,Premium,961,5,2,3,24,21367999.69
Delhi,Premium,1111,4,1,4,24,17179731.31
Bangalore,Premium,3971,5,1,1,16,46379863.58
Chennai,Standard,3663,2,2,1,11,21878256.75
Delhi,Budget,505,3,1,1,10,5302534.09
Mumbai,Premium,4470,4,2,4,9,116618562.8
Kolkata,Premium,3358,1,2,2,16,23727891.07
Delhi,Standard,3106,5,2,2,44,18536731.95
Hyderabad,Budget,598,2,2,3,15,3757645.91
Kolkata,Standard,1025,2,2,3,19,5434070.14
Mumbai,Standard,1680,3,1,4,48,14935999.42
Bangalore,Standard,2189,2,2,1,4,20126726.7
Chennai,Standard,1638,5,1,1,40,7035778.02
Delhi,Premium,4991,5,2,2,31,70242706.24
Mumbai,Budget,3571,2,1,3,26,31544362.53
Kolkata,Standard,3427,5,2,1,3,16771469.8
Hyderabad,Standard,3292,5,2,5,40,12480442.7
Mumbai,Budget,514,1,2,2,47,3517670.94
Pune,Standard,2915,4,2,5,6,21447570.17
Ahmedabad,Standard,3185,5,2,3,45,8380986.75
Hyderabad,Standard,3400,5,2,2,13,18156453.86
Kolkata,Premium,1736,3,1,4,38,11162134.62
Bangalore,Premium,4600,4,2,1,23,49006821.79
Chennai,Standard,3720,4,2,4,47,13355909.79
Kolkata,Budget,2107,4,2,4,17,8768951.99
Ahmedabad,Budget,4063,2,2,2,37,9082060.24
Bangalore,Standard,3797,1,2,2,38,19115057.9
Delhi,Premium,3133,1,2,2,39,32945239.28
Mumbai,Premium,4390,3,2,2,0,126767104.22
Pune,Budget,4764,4,2,1,16,21680765.94
Hyderabad,Standard,3308,4,1,1,25,17010571.81
Hyderabad,Standard,1291,5,2,2,21,7770671.22
Mumbai,Budget,1499,2,1,3,38,11394555.88
Pune,Budget,651,2,2,3,17,4213629.45
Mumbai,Budget,3563,3,2,1,37,27092905.17
Delhi,Premium,2591,1,2,2,27,34492961.81
Ahmedabad,Budget,4582,4,2,4,20,12843353.36
Bangalore,Budget,4526,3,1,3,37,16175029.21
Kolkata,Standard,3477,2,2,3,32,11701011.37
Hyderabad,Standard,1342,2,1,2,29,6319643.59
Delhi,Standard,4946,2,2,3,41,27538191.27
Bangalore,Budget,4293,4,2,1,7,24650291.48
Delhi,Premium,2570,4,1,2,29,33623634.19
Pune,Standard,2159,4,2,4,38,11465596.76
Hyderabad,Premium,1097,5,2,1,8,12003809.8
Kolkata,Budget,3013,1,2,2,32,7862801.58
Mumbai,Premium,4635,2,1,3,42,76840035.2
Mumbai,Standard,4770,2,1,3,28,50152883.32
Bangalore,Standard,4103,5,1,1,30,22986757.39
Kolkata,Budget,1716,2,1,3,2,7648749.09
Ahmedabad,Standard,2791,2,2,3,49,6474081.08
Chennai,Premium,4311,4,1,2,37,28833174.32
Pune,Budget,1431,4,2,2,10,8318617.21
Bangalore,Standard,2638,1,2,2,4,21269674.63
Chennai,Budget,4502,2,2,3,30,14261939.37
Delhi,Premium,3478,3,1,4,19,57848332.86
Pune,Standard,4392,2,2,3,3,32097197.94
Delhi,Standard,3418,2,2,3,7,36357205.83
Ahmedabad,Premium,3064,1,2,2,41,13619428.25
Kolkata,Standard,2263,3,1,1,34,8785507.14
Hyderabad,Standard,2670,2,2,3,12,15405649.3
Pune,Budget,835,3,2,2,48,3493107.01
Chennai,Standard,1676,4,2,1,4,12343920.12
Ahmedabad,Standard,3521,4,2,3,39,9827601.33
Hyderabad,Standard,1278,3,2,2,18,8418387.64
Mumbai,Budget,1685,2,2,3,17,16465953.99
Chennai,Standard,3785,3,1,4,32,18823640.97
Bangalore,Standard,3947,3,2,3,3,31617657.51
Mumbai,Standard,4491,4,1,5,17,64427747.6
Ahmedabad,Standard,2970,3,2,3,45,7573824.7
Mumbai,Standard,1438,5,2,2,23,18794920.86
Bangalore,Budget,4506,5,2,1,42,16860673.06
Pune,Standard,2435,4,2,2,28,14079929.75
Mumbai,Budget,1133,2,1,3,30,10083027.21
Kolkata,Premium,1753,2,2,3,27,11914630.19
Chennai,Standard,1582,4,2,3,8,10688392.14
Hyderabad,Budget,2643,2,2,2,44,6812919.02
Mumbai,Premium,1785,1,2,1,25,35893932.03
Chennai,Budget,853,5,2,4,48,4013638.08
Delhi,Standard,2385,1,1,1,46,12566291.21
Chennai,Budget,2318,1,2,2,1,10887236.18
Hyderabad,Standard,3020,1,1,2,5,18496800.61
Chennai,Standard,4508,4,2,1,28,19723466.04
Bangalore,Premium,3522,1,1,2,25,39734529.3
Ahmedabad,Standard,3084,3,2,4,27,10211695.0
Hyderabad,Premium,2047,2,1,1,6,19055850.62
Ahmedabad,Premium,4518,4,1,1,33,23962390.49
Pune,Premium,4704,3,2,4,44,32081199.34
Ahmedabad,Standard,1868,3,2,2,9,9162541.02
Delhi,Budget,3837,5,1,1,47,17027585.93
Bangalore,Premium,2257,5,2,1,40,22843374.54
Pune,Premium,2017,3,2,4,39,17418620.96
Chennai,Standard,3984,5,1,2,46,14976465.12
Hyderabad,Premium,4185,2,2,1,21,34082141.87
Delhi,Premium,3552,2,1,3,26,48321072.34
Bangalore,Premium,3196,5,1,3,38,32111525.38
Pune,Budget,690,1,1,2,21,3442809.07
Pune,Budget,1432,3,1,2,18,6583294.32
Delhi,Standard,4737,2,2,3,35,29913119.26
Kolkata,Standard,3738,5,2,4,8,18518424.61
Chennai,Standard,2715,5,2,4,18,15124794.04
Delhi,Standard,1065,2,2,3,1,12058025.99
Pune,Standard,1634,2,1,3,27,9426241.08
Mumbai,Standard,1243,1,1,2,38,11104098.26
Bangalore,Standard,1172,5,1,1,21,9980584.02
Delhi,Premium,3411,5,2,3,5,65211779.29
Kolkata,Standard,1030,4,1,3,46,3800477.72
Pune,Budget,3521,1,2,1,6,15242466.61
Chennai,Standard,1061,2,1,3,5,7112750.08
Ahmedabad,Budget,801,2,2,3,32,3028626.57
Pune,Budget,4267,3,1,2,13,19386320.81
Chennai,Premium,4780,2,2,3,0,53360140.27
Delhi,Standard,1009,5,2,4,24,10397315.1
Chennai,Standard,3945,2,2,3,5,24352425.32
Hyderabad,Budget,2703,5,2,2,27,10723384.09
Hyderabad,Budget,3334,5,2,3,17,12444312.71
Hyderabad,Standard,1294,1,2,2,26,6738538.35
Kolkata,Standard,2979,2,2,1,48,8169908.76
Kolkata,Budget,2023,1,2,2,1,7390675.41
Mumbai,Premium,2694,5,1,2,39,46551379.61
Kolkata,Budget,3028,2,1,3,20,8325711.45
Ahmedabad,Budget,934,2,2,1,22,3360920.14
Delhi,Standard,2538,1,1,1,1,24413645.64
Pune,Standard,2206,1,2,2,15,12176881.69
Pune,Standard,568,5,1,1,3,6305706.73
Mumbai,Standard,2404,5,2,1,33,27563771.16
Kolkata,Standard,4459,2,1,3,4,22862487.52
Ahmedabad,Budget,3451,2,1,1,48,5993032.77
Chennai,Budget,3213,4,2,3,33,10966081.69
Mumbai,Budget,3869,4,1,1,21,37471757.18
Ahmedabad,Premium,4227,3,1,4,45,17380183.59
Chennai,Budget,2904,5,2,5,19,12374409.45
Ahmedabad,Budget,3825,3,2,4,38,8376908.74
Chennai,Standard,4046,3,2,4,46,14689455.04
Bangalore,Premium,2803,1,1,2,49,20581763.5
Ahmedabad,Standard,4181,1,2,2,12,16664168.44
Pune,Budget,3721,4,2,2,43,10642127.3
Hyderabad,Standard,4874,3,2,1,33,19542018.56
Kolkata,Budget,1582,4,1,3,43,4493595.1
Chennai,Standard,945,5,2,3,5,9477936.97
Bangalore,Budget,2092,2,1,2,28,10483756.38
Ahmedabad,Premium,3275,1,2,2,32,17611280.3
Pune,Standard,4316,5,2,2,0,30325739.03
Hyderabad,Standard,3553,5,2,2,46,12914253.61
Chennai,Premium,2090,1,2,2,47,12123750.62
Ahmedabad,Budget,2731,1,2,2,6,9400260.99
Ahmedabad,Standard,2061,3,1,2,21,8782706.5
Chennai,Standard,4772,4,2,3,31,21661811.45
Mumbai,Standard,4146,5,1,5,13,60676206.19
Mumbai,Standard,3738,3,2,2,23,44274994.02
Pune,Premium,2100,3,1,3,18,20233866.7
Hyderabad,Premium,2556,5,1,3,26,22119662.11
Chennai,Budget,4831,5,1,3,22,18125840.09
Pune,Standard,1209,2,1,1,44,5691800.58
Pune,Budget,3471,4,1,1,20,14068266.34
Delhi,Budget,3232,5,2,2,43,15913171.84
Ahmedabad,Standard,1293,1,1,2,28,4753403.99
Kolkata,Standard,3599,2,1,2,0,19160084.13
Ahmedabad,Standard,3355,4,1,4,30,11082664.41
Mumbai,Budget,526,1,1,2,26,4936558.52
Hyderabad,Budget,3767,1,1,2,43,9529126.47
Ahmedabad,Standard,584,4,1,5,35,3768773.17
Chennai,Budget,3601,2,2,3,26,12460750.33
Pune,Premium,1622,1,2,1,14,17480401.3
Chennai,Budget,511,3,1,1,24,3463764.13
Delhi,Budget,2248,4,2,4,47,10632648.34
Hyderabad,Premium,3609,4,2,5,14,34597726.53
Pune,Standard,2376,5,2,3,39,12443699.33
Chennai,Premium,3119,2,1,3,18,28841554.63
Mumbai,Standard,679,3,2,4,46,7701921.45
Kolkata,Budget,1296,3,1,3,49,3340420.69
Delhi,Standard,4313,5,2,5,10,41035170.89
Hyderabad,Premium,2524,1,2,2,40,14576719.53
Delhi,Standard,3717,1,2,2,32,25641866.24
Mumbai,Budget,1386,3,1,2,40,10189787.85
Hyderabad,Standard,2968,2,2,1,22,14711372.41
Delhi,Standard,3887,1,2,2,11,38624836.04
Bangalore,Premium,2019,4,2,5,1,35219012.15
Mumbai,Budget,2932,5,2,4,42,18518322.84
Mumbai,Budget,1416,2,2,3,20,13929959.41
Mumbai,Standard,2570,1,1,2,13,35734717.31
Bangalore,Premium,4476,3,2,3,33,42042452.08
Bangalore,Premium,2281,5,2,3,14,31716549.0
Chennai,Premium,838,1,1,2,20,7929436.59
Pune,Standard,2016,3,2,2,22,11142459.13
Kolkata,Budget,3370,1,1,2,20,8631678.34
Delhi,Standard,4082,5,2,5,49,24096872.4
Chennai,Budget,1414,4,2,5,13,8490383.32
Delhi,Standard,3790,4,2,3,20,34294640.16
Kolkata,Budget,1946,3,2,4,11,8334412.69
Pune,Budget,1879,4,2,3,41,6425173.24
Bangalore,Premium,1983,5,1,1,45,16145917.92
Pune,Standard,2574,3,2,2,46,9870661.57
Bangalore,Standard,1300,1,2,1,4,11005339.56
Kolkata,Premium,1746,2,2,3,1,17600275.71
Pune,Standard,3237,1,1,2,21,18181052.58
Chennai,Standard,3995,5,2,2,5,24818668.88
Hyderabad,Budget,3757,3,1,4,43,8862971.37
Chennai,Standard,4377,1,2,2,1,28497036.1
Delhi,Budget,1481,3,2,2,28,9496436.08
Chennai,Standard,2976,4,2,5,35,14436653.39
Kolkata,Budget,2588,2,2,1,6,8908231.88
Mumbai,Standard,3452,5,1,1,15,46720971.66
Delhi,Budget,1511,1,1,2,32,7786853.25
Pune,Standard,3964,2,1,3,32,20008246.4
Delhi,Standard,3250,5,2,2,13,28622700.69
Hyderabad,Standard,2626,5,2,1,42,9828756.99
Bangalore,Standard,4361,4,1,1,11,33960483.76
Pune,Premium,3091,3,2,3,42,21212584.82
Ahmedabad,Premium,1973,3,2,2,5,16418523.5
Delhi,Premium,3021,2,2,3,11,46696398.01
Pune,Budget,1665,4,2,1,30,6569859.75
Pune,Standard,3822,5,2,5,11,27631940.76
Pune,Standard,1109,4,2,2,9,8980283.53
Bangalore,Budget,2683,4,2,2,39,10240530.13
Ahmedabad,Standard,3031,2,1,1,26,9421826.19
Kolkata,Standard,3361,3,2,4,6,18250677.45
Chennai,Premium,2155,4,2,5,45,15237220.86
Pune,Budget,2255,4,2,5,35,9831422.03
Mumbai,Budget,545,4,1,3,32,6215145.29
Kolkata,Budget,1759,1,2,2,26,5489020.73
Hyderabad,Standard,3732,4,2,2,7,21878395.24
Bangalore,Budget,1951,4,2,1,4,14021998.03
Delhi,Premium,2618,5,2,1,7,46075100.04
Bangalore,Premium,3067,1,2,1,39,29547303.49
Delhi,Premium,2492,4,1,3,20,40174190.9
Bangalore,Standard,3623,4,1,4,23,25586333.83
Delhi,Standard,2840,2,1,1,6,27148800.62
Pune,Standard,1988,2,1,1,18,12135200.21
Chennai,Premium,2073,1,2,1,30,16604390.32
Delhi,Standard,2927,5,1,3,35,21072168.71
Ahmedabad,Budget,2266,1,2,2,26,6374342.9
Delhi,Standard,4049,1,2,2,28,30259391.74
Mumbai,Budget,2809,2,2,3,22,22407689.74
Delhi,Standard,2904,2,1,2,19,25529194.81
Mumbai,Budget,1942,5,1,2,5,23433460.73
Hyderabad,Standard,2476,4,2,1,11,15737682.88
Pune,Standard,4473,5,2,5,49,17367973.45
Mumbai,Standard,2990,4,1,3,11,38413125.77
Chennai,Standard,1225,3,2,4,49,4829942.7
Kolkata,Budget,4303,2,2,3,2,14393313.57
Pune,Standard,4881,3,2,4,41,19249869.97
Mumbai,Standard,4327,3,1,4,38,44362418.49
Pune,Budget,4119,2,1,3,34,13105015.65
Ahmedabad,Standard,3387,3,2,4,18,12981212.62
Pune,Standard,997,1,1,2,44,4520940.41
Pune,Standard,4476,4,1,3,3,30490688.18
Hyderabad,Standard,1204,5,1,4,30,6532364.34
Chennai,Standard,4627,2,2,1,41,17738527.94
Bangalore,Standard,4181,1,2,1,37,20271584.59
Bangalore,Budget,4638,5,2,1,32,20190806.72
Mumbai,Standard,2416,5,2,1,5,39663809.25
Pune,Standard,1874,5,1,2,7,15533042.3
Mumbai,Standard,2345,3,1,3,27,25054622.25
Hyderabad,Budget,1936,3,2,2,14,8224483.03
Hyderabad,Budget,3590,3,2,4,30,12061969.71
Delhi,Standard,1870,3,2,4,7,19346563.98
Ahmedabad,Budget,2428,1,2,2,5,7806262.28
Hyderabad,Standard,2136,3,1,1,28,8948478.12
Delhi,Standard,591,2,1,3,45,4461734.14
Chennai,Premium,2343,5,1,5,33,20994736.53
Mumbai,Standard,684,1,2,1,6,11902749.54
Kolkata,Standard,2071,3,2,3,39,7816582.16
Chennai,Budget,1331,5,2,5,9,7992314.94
Hyderabad,Standard,4940,1,2,2,12,25995842.98
Chennai,Budget,2625,5,1,4,21,11543719.6
Chennai,Standard,4762,1,2,2,20,26164542.92
Ahmedabad,Standard,763,4,2,2,0,6538748.88
Ahmedabad,Standard,1786,1,1,2,40,5495070.87
Ahmedabad,Premium,2029,3,2,4,41,11077962.01
Chennai,Standard,2308,5,2,5,1,17935160.76
Hyderabad,Premium,2377,5,2,4,28,20600167.02
Kolkata,Standard,2249,5,2,1,10,13200966.15
Pune,Standard,2409,2,1,1,36,11153006.83
Chennai,Budget,3123,2,1,1,49,7961338.66
Delhi,Standard,1697,3,1,4,6,20022760.89
Hyderabad,Premium,2978,4,1,1,34,21406037.47
Chennai,Standard,3010,2,2,3,29,13404014.03
Kolkata,Budget,600,1,2,2,15,2683001.18
Pune,Budget,3587,3,2,2,14,14940641.06
Ahmedabad,Standard,2419,4,1,2,39,7513611.03
Hyderabad,Standard,2791,1,2,1,19,13433339.27
Bangalore,Premium,3820,5,2,2,27,43713444.41
Pune,Budget,604,2,2,1,36,2900877.07
Delhi,Standard,1193,1,1,2,2,14084797.62
Chennai,Standard,3740,4,2,5,28,17966265.66
Kolkata,Standard,3991,3,2,4,36,14348176.37
Bangalore,Premium,3892,1,2,2,8,48709417.37
Kolkata,Budget,2768,3,1,3,26,8395927.97
Bangalore,Premium,4283,5,2,5,31,46731232.68
Hyderabad,Standard,4012,4,2,1,47,13896523.08
Bangalore,Standard,1389,4,2,3,45,7876357.93
Delhi,Budget,1289,2,2,3,49,5377131.0
Delhi,Budget,1158,4,1,1,38,6403433.0
Mumbai,Standard,1518,1,2,2,30,16214850.4
Delhi,Standard,2453,1,1,2,46,13669407.17
Pune,Budget,1690,1,2,1,25,6782535.02
Bangalore,Premium,4206,5,1,5,39,40245643.58
Delhi,Standard,4157,4,2,5,2,47322075.02
Hyderabad,Standard,2796,4,1,5,10,18188671.1
Kolkata,Budget,1274,1,1,2,28,3725342.28
Ahmedabad,Standard,3311,2,1,2,26,10148819.68
Kolkata,Budget,1880,2,2,3,49,4388321.87
Mumbai,Standard,3682,4,1,1,46,31031782.07
Kolkata,Standard,4829,4,1,5,9,22989344.86
Bangalore,Standard,3597,3,2,4,34,21306697.52
Mumbai,Standard,1904,4,2,4,46,17837825.79
Bangalore,Standard,4301,1,1,2,22,29941190.98
Hyderabad,Standard,1869,5,2,3,5,14481472.77
Mumbai,Premium,2564,4,1,2,10,70434089.78
Chennai,Budget,2792,4,2,1,42,8946777.56
Pune,Budget,3265,1,2,1,26,12885953.08
Pune,Standard,3317,3,2,1,30,15197985.27
Bangalore,Standard,1216,4,1,1,29,9288070.86
Kolkata,Premium,4540,2,2,3,2,34927095.21
Ahmedabad,Standard,2211,2,2,2,12,10012591.91
Ahmedabad,Budget,1725,2,2,3,39,4004726.4
Chennai,Premium,508,5,2,5,20,7454554.04
Mumbai,Premium,1097,5,1,3,42,17941379.06
Chennai,Budget,4618,4,2,5,10,20462015.95
Chennai,Standard,2108,4,2,2,44,8608210.69
Kolkata,Premium,3531,4,2,5,2,28704714.78
Ahmedabad,Standard,4167,5,1,4,37,13612855.08
Mumbai,Standard,2746,4,2,5,30,33573961.84
Hyderabad,Standard,4126,1,2,1,23,19536926.84
Kolkata,Budget,4571,3,1,1,41,10347836.42
Chennai,Budget,3322,2,2,1,11,14723082.55
Chennai,Standard,591,2,2,1,45,3197567.1
Hyderabad,Budget,1350,1,2,2,42,3943899.9
Chennai,Standard,1607,4,1,4,26,9584928.64
Chennai,Budget,799,5,2,4,20,6222469.49
Chennai,Standard,2843,4,1,5,24,15006109.06
Pune,Budget,1977,4,1,1,29,7427280.07
Kolkata,Budget,1582,2,1,3,29,5131358.81
Delhi,Premium,3456,2,2,3,9,55734511.54
Kolkata,Budget,3418,5,1,1,2,13421847.18
Hyderabad,Budget,1865,2,1,2,12,7408947.19
Chennai,Budget,3300,4,2,5,26,13765628.93
Kolkata,Standard,4036,1,1,2,17,17543455.75
Pune,Budget,4451,5,2,4,44,12321472.32
Ahmedabad,Budget,2609,1,2,2,23,6418455.72
Hyderabad,Standard,1275,4,2,4,45,5371307.22
Bangalore,Budget,1952,5,2,2,13,12990063.01
Kolkata,Premium,2181,1,2,2,38,11713479.34
Bangalore,Premium,2803,5,1,5,43,24952818.76
Chennai,Standard,2351,4,2,4,3,15816204.33
Pune,Standard,2397,5,2,4,15,16276052.99
Pune,Standard,3918,4,2,3,9,25060334.41
Kolkata,Premium,4097,5,2,1,47,19767450.11
Hyderabad,Budget,1827,5,2,1,36,6239706.11
Hyderabad,Premium,1114,2,2,3,26,10013945.41
Pune,Premium,744,4,1,2,47,5896749.09
Hyderabad,Premium,1256,3,1,3,0,14378374.41
Pune,Standard,1323,5,2,3,4,11348341.21
Kolkata,Budget,3327,1,1,2,12,10635791.57
Delhi,Standard,4307,2,2,3,44,25667676.3
Pune,Budget,3279,2,1,2,2,17432763.56
Bangalore,Premium,2346,5,1,1,16,29300510.77
Hyderabad,Standard,1740,3,2,4,18,9284907.75
Pune,Standard,973,2,2,3,36,5108724.37
Pune,Standard,4631,4,2,3,4,30967878.14
Kolkata,Premium,3749,5,1,4,46,17166964.29
Hyderabad,Standard,2292,5,1,4,41,8765084.14
Delhi,Standard,2234,3,1,3,43,13947634.82
Kolkata,Budget,4442,4,1,3,23,13467348.75
Delhi,Standard,1444,4,1,2,42,10441383.06
Ahmedabad,Premium,2011,3,1,1,32,10978886.6
Kolkata,Standard,4581,1,2,1,20,17454617.32
Hyderabad,Premium,1358,4,2,5,2,17556756.88
Mumbai,Budget,4060,1,2,1,3,41356814.27
Hyderabad,Standard,729,1,2,2,31,4018065.88
Hyderabad,Premium,2917,5,2,4,23,27598539.11
Delhi,Budget,677,5,2,5,34,6277665.01
Delhi,Standard,4428,2,2,3,17,38220356.47
Hyderabad,Premium,3115,5,1,1,2,33689124.17
Hyderabad,Standard,2113,4,2,3,38,9587092.7
Hyderabad,Standard,3340,4,1,4,25,15617172.07
Delhi,Budget,3447,1,1,2,23,20670557.88
Hyderabad,Budget,2274,4,2,5,0,12199023.16
Hyderabad,Budget,4371,5,1,5,49,11250244.94
Ahmedabad,Standard,581,5,1,5,33,3901810.71
Chennai,Standard,1345,5,2,3,11,9451607.71
Mumbai,Budget,3309,3,2,2,16,32115621.38
Bangalore,Premium,1716,4,2,1,20,21796552.06
Mumbai,Standard,3760,2,1,3,20,42534030.04
Chennai,Standard,3645,4,1,3,2,24214458.97
Bangalore,Premium,2763,4,2,2,43,22772073.61
Kolkata,Standard,2837,3,2,4,27,11733321.43
Hyderabad,Budget,944,4,2,1,24,4836396.99
Chennai,Budget,1422,1,1,2,43,3819361.97
Ahmedabad,Premium,4788,5,2,5,5,35999521.95
Kolkata,Premium,4884,5,1,5,41,24215033.35
Hyderabad,Standard,3130,3,2,3,29,14572596.98
Delhi,Budget,1667,5,2,4,31,10302471.03
Pune,Premium,4463,1,2,2,21,45169567.43
Chennai,Budget,3941,3,1,3,37,10779718.81
Delhi,Premium,4012,2,2,3,13,63491338.87
Chennai,Standard,1395,5,2,3,33,8276263.59
Ahmedabad,Standard,4222,4,1,1,42,10171382.21
Chennai,Budget,2560,1,2,2,46,6240077.46
Delhi,Standard,3534,1,2,2,25,26676322.7
Ahmedabad,Standard,2887,5,2,2,39,8301455.46
Bangalore,Standard,2397,2,1,1,12,18364786.35
Mumbai,Budget,2299,4,2,5,29,20210536.76
Hyderabad,Budget,4907,2,2,3,18,16352876.73
Chennai,Premium,3280,2,2,2,41,22272181.12
Hyderabad,Budget,1627,5,2,4,40,6707142.09
Pune,Standard,838,4,2,4,49,4861123.64
Delhi,Premium,4954,5,2,1,38,52272012.07
Hyderabad,Standard,1672,5,2,3,2,11697509.76
Delhi,Premium,3308,1,2,2,30,42682969.89
Hyderabad,Budget,3529,5,1,2,11,14178773.39
Mumbai,Budget,2589,3,2,4,14,23704381.07
Mumbai,Premium,4797,4,1,5,44,70727459.4
Ahmedabad,Standard,3517,1,2,2,37,8947061.0
Mumbai,Budget,948,4,1,3,39,7887848.33
Ahmedabad,Budget,1293,1,1,2,13,4185570.28
Mumbai,Standard,936,3,2,1,34,9719604.75
Mumbai,Budget,2120,5,2,4,15,22158246.91
Mumbai,Standard,4001,1,2,1,49,31394513.97
Delhi,Standard,3419,1,2,2,23,28062275.24
Chennai,Budget,4808,1,1,2,16,19660221.08
Ahmedabad,Standard,1448,3,2,3,17,7728798.0
Hyderabad,Standard,4444,4,2,2,41,16277981.31
Mumbai,Standard,1627,3,2,4,16,24519654.23
Delhi,Budget,691,1,2,1,15,4783657.6
Delhi,Budget,4512,1,1,2,20,26390619.7
Delhi,Standard,4260,5,2,2,23,36767083.08
Ahmedabad,Standard,4230,3,2,1,33,13044107.78
Chennai,Standard,1903,3,2,1,35,8436483.98
Ahmedabad,Standard,2490,2,2,3,42,6435902.85
Hyderabad,Standard,1604,4,2,1,26,8405344.82
Chennai,Budget,1048,2,2,2,38,4086190.38
Bangalore,Standard,3948,2,1,2,16,30708077.89
Kolkata,Standard,2361,4,1,5,24,10024986.73
Delhi,Premium,4749,5,2,3,37,60879336.81
Ahmedabad,Standard,1070,5,2,2,41,4193846.7
Bangalore,Budget,2284,4,2,2,20,13721198.88
Pune,Standard,2787,4,1,1,3,21326304.98
Ahmedabad,Premium,2921,3,2,1,24,16032820.19
Mumbai,Standard,4472,3,2,2,29,47407798.84
Kolkata,Standard,1304,3,1,4,32,5241100.13
Mumbai,Premium,1298,3,2,3,38,25721737.21
Chennai,Standard,3775,1,2,1,25,17703279.59
Kolkata,Standard,1110,1,1,1,24,4703979.0
Ahmedabad,Standard,2306,5,1,3,15,10159951.71
Hyderabad,Standard,4738,1,2,1,48,15460805.33
Bangalore,Standard,3760,1,2,2,23,23218336.33
Hyderabad,Budget,4867,3,1,1,4,18953681.76
Ahmedabad,Standard,3871,3,1,1,41,9933059.23
Chennai,Standard,2973,4,2,2,38,12822635.3
Mumbai,Standard,2593,3,2,4,12,33237965.25
Kolkata,Standard,2642,4,2,5,29,11212377.52
Hyderabad,Budget,4501,4,1,2,6,17063642.25
Ahmedabad,Standard,3580,1,1,2,46,8446509.64
Hyderabad,Budget,1932,3,2,3,16,8444356.82
Ahmedabad,Premium,3017,1,2,2,26,16299732.07
Mumbai,Standard,3357,3,1,4,34,33760368.23
Kolkata,Budget,1005,1,2,2,4,4663354.99
Bangalore,Standard,1596,1,2,2,41,7592466.61
Mumbai,Standard,4679,1,1,1,4,65831621.09
Hyderabad,Standard,4654,5,1,5,23,23451920.55
Bangalore,Budget,1544,1,1,2,6,8611932.09
Ahmedabad,Premium,2704,2,2,3,6,20614667.12
Bangalore,Budget,4402,2,1,1,13,21245086.59
Ahmedabad,Premium,1852,2,1,3,14,12196950.75
Mumbai,Budget,2096,4,2,3,4,25517498.24
Hyderabad,Standard,1075,1,1,2,36,4339444.68
Chennai,Budget,1179,2,1,2,3,6291932.36
Hyderabad,Standard,4798,4,2,2,29,21826110.13
Ahmedabad,Budget,4212,2,1,1,19,10077641.21
Delhi,Premium,4328,3,2,3,25,60836719.63
Kolkata,Premium,1629,5,2,4,8,17041543.71
Pune,Standard,4404,1,1,1,29,21260903.62
Chennai,Premium,3693,5,2,1,43,22394065.96
Bangalore,Premium,817,5,1,5,47,8397332.73
Chennai,Budget,4196,3,2,4,21,14884332.53
Kolkata,Budget,3496,3,2,3,39,8000077.35
Bangalore,Standard,4094,3,2,3,40,22758801.82
Kolkata,Budget,3709,4,2,3,43,7653939.56
Bangalore,Standard,3042,2,2,1,29,16986724.42
Chennai,Standard,1178,1,1,2,19,6514067.73
Bangalore,Budget,2389,3,2,1,27,12588372.34
Bangalore,Standard,2143,1,2,2,6,16795828.0
Delhi,Budget,1334,1,1,2,3,9521201.83
Hyderabad,Standard,2741,1,2,2,27,12219717.7
Hyderabad,Standard,2855,3,2,4,34,12324931.28
Pune,Premium,2168,3,2,3,32,18892309.92
Pune,Premium,3053,2,2,3,6,38829079.13
Ahmedabad,Premium,780,3,1,1,8,6698633.64
Ahmedabad,Budget,3262,3,1,3,33,7408094.1
Ahmedabad,Budget,1746,1,2,2,38,3676063.54
Delhi,Budget,2272,2,2,3,41,11102820.87
Pune,Standard,2664,5,1,5,33,13642277.06
Kolkata,Standard,691,3,2,4,12,5608559.93
Ahmedabad,Premium,3335,3,1,3,28,20810889.94
Ahmedabad,Standard,3165,5,2,5,34,10052085.73
Chennai,Standard,3063,1,2,2,44,12229535.02
Mumbai,Budget,806,2,2,3,9,9226128.43
Kolkata,Standard,1031,1,2,2,29,4289396.49
Ahmedabad,Premium,4717,4,2,2,43,22238898.95
Ahmedabad,Premium,3196,3,1,1,25,19378669.54
Ahmedabad,Premium,558,4,2,1,34,4750187.84
Mumbai,Standard,2073,3,1,4,27,24431721.36
Mumbai,Budget,1640,4,1,2,28,15535880.09
Delhi,Standard,2310,5,2,2,5,26735360.83
Kolkata,Budget,3698,3,2,4,2,13713730.95
Delhi,Standard,3976,3,2,2,28,33156399.48
Bangalore,Standard,4994,4,2,3,1,46659771.29
Mumbai,Premium,3062,2,1,3,21,65678346.83
Chennai,Budget,3352,4,2,3,45,9791939.75
Pune,Budget,1441,3,2,1,46,5083615.43
Chennai,Premium,2274,3,2,4,49,14892900.03
Pune,Standard,1921,2,2,3,26,9811907.96
Mumbai,Standard,935,1,2,2,21,12581213.99
Mumbai,Standard,1339,2,2,3,9,22200612.77
Mumbai,Budget,4501,1,1,2,48,23845478.64
Delhi,Standard,4955,3,2,2,48,28666189.88
Kolkata,Standard,3181,5,1,4,18,14790508.76
Pune,Premium,2150,5,2,1,23,20689812.97
Kolkata,Premium,1745,4,1,5,26,11743070.59
Delhi,Premium,2761,2,1,3,35,35282187.26
Delhi,Premium,1415,2,2,1,42,15236036.99
Hyderabad,Budget,3139,5,2,5,16,13257231.32
Chennai,Budget,4389,1,2,2,9,18086176.98
Chennai,Premium,4981,2,2,3,16,47103315.36
Bangalore,Budget,1826,1,2,2,43,6290844.85
Ahmedabad,Premium,3858,1,2,2,9,27551885.8
Delhi,Standard,2085,1,1,2,9,20838182.19
Pune,Standard,3868,1,2,1,37,15466716.85
Hyderabad,Standard,888,4,2,4,16,7004360.6
Hyderabad,Standard,3291,4,2,1,25,16017911.25
Ahmedabad,Standard,3832,5,1,1,25,12883442.74
Kolkata,Standard,1203,4,1,2,33,5864907.77
Ahmedabad,Budget,3320,2,2,3,3,11112817.82
Ahmedabad,Premium,1559,4,1,1,49,6460714.8
Ahmedabad,Premium,4674,2,1,3,26,25437695.42
Chennai,Premium,1798,2,2,2,20,17055764.75
Delhi,Standard,1801,1,2,1,35,11321814.87
Bangalore,Premium,1173,5,2,4,37,11872204.42
Delhi,Budget,2859,1,2,2,45,10780320.6
Kolkata,Standard,4799,1,2,1,30,16149087.51
Mumbai,Standard,4612,4,2,1,6,65443106.13
Ahmedabad,Standard,4082,4,2,1,43,11760159.54
Delhi,Premium,1516,2,1,3,33,19787635.05
Kolkata,Premium,709,4,2,3,17,7808428.66
Mumbai,Standard,998,4,2,1,23,14195004.91
Mumbai,Standard,928,3,2,4,12,14861755.86
Ahmedabad,Standard,4139,2,2,3,12,17313115.88
Bangalore,Premium,3651,2,2,2,24,41847391.61
Pune,Budget,2605,3,2,3,4,13650590.26
Chennai,Premium,2053,2,1,3,38,14733266.86
Delhi,Budget,3706,5,2,4,28,22940864.2
Mumbai,Budget,3069,5,2,2,43,20620652.45
Delhi,Standard,3128,3,2,4,45,18337658.06
Pune,Premium,2376,4,1,2,32,19411065.44
Chennai,Premium,1567,5,2,3,23,15865428.35
Pune,Standard,2006,3,2,4,9,13786239.58
Chennai,Standard,3513,5,2,2,24,20381260.82
Hyderabad,Budget,2167,1,2,2,40,5895118.45
Chennai,Budget,4566,3,2,3,9,17953055.7
Ahmedabad,Standard,1447,2,1,1,38,4150638.23
Bangalore,Premium,4889,5,2,4,15,60432103.99
Pune,Standard,1671,2,2,1,27,8488975.79
Mumbai,Budget,671,3,2,3,11,9356900.88
Ahmedabad,Standard,1643,5,2,4,43,6392067.74
Hyderabad,Premium,2359,2,2,3,31,19292806.01
Bangalore,Budget,2688,4,1,5,28,13759663.99
Delhi,Standard,2993,4,2,2,44,18977296.52
Ahmedabad,Budget,4077,1,2,2,49,7144866.74
Pune,Standard,688,3,2,4,26,5942319.92
Kolkata,Premium,4576,2,2,3,25,31672543.0
Kolkata,Budget,657,1,1,2,2,3435802.29
Mumbai,Standard,3217,3,2,4,25,39683772.0
Chennai,Standard,2470,4,2,5,38,10282028.11
Mumbai,Standard,745,2,1,3,0,12890687.09
Kolkata,Premium,3403,5,1,3,34,20990930.76
Delhi,Standard,3295,4,2,5,26,27301930.85
Hyderabad,Premium,4324,5,1,2,45,26929349.21
Hyderabad,Standard,2877,5,2,1,3,19732909.37
Pune,Standard,1349,2,2,1,18,8837209.01
Hyderabad,Budget,2310,2,1,3,21,7711686.56
Pune,Budget,4486,5,2,1,5,21937047.23
Ahmedabad,Premium,2626,1,2,2,8,17756350.67
Pune,Standard,4764,5,1,4,10,30106358.96
Ahmedabad,Standard,3530,5,1,2,21,14003778.39
Pune,Premium,2807,2,2,3,46,17281890.15
Kolkata,Budget,3576,3,2,3,8,11619673.02
Kolkata,Budget,2844,4,2,1,28,8359302.8
Chennai,Premium,1119,2,2,3,42,8771892.27
Ahmedabad,Standard,3402,1,2,2,9,12457862.52
Bangalore,Premium,2907,4,2,5,33,32585051.74
Ahmedabad,Standard,4952,2,2,2,30,14911070.58
Pune,Premium,3504,2,2,3,21,31519892.76
Pune,Budget,4414,3,1,1,45,12310000.96
Bangalore,Budget,2986,1,2,2,3,19274042.24
Mumbai,Standard,3902,1,1,2,1,59635480.5
Pune,Standard,4096,2,1,3,4,28405165.4
Chennai,Budget,2177,3,2,4,45,7043056.69
Hyderabad,Standard,4539,2,1,3,14,24486629.11
Hyderabad,Premium,1804,5,2,4,18,16319514.42
Delhi,Standard,4593,5,2,5,37,33038082.07
Delhi,Budget,2463,3,2,4,14,18878266.56
Hyderabad,Standard,3807,2,2,2,45,13122467.74
Hyderabad,Standard,1861,3,2,4,7,13038013.29
Kolkata,Budget,4794,2,1,3,19,13731092.3
Chennai,Budget,2287,2,1,3,11,9869267.0
Bangalore,Budget,1573,5,2,1,3,12159540.83
Delhi,Premium,1665,4,2,5,37,21116107.31
Kolkata,Standard,4099,1,2,2,42,12482961.13
Kolkata,Budget,3217,1,2,2,38,7897125.55
Bangalore,Budget,3653,3,1,2,35,15668859.89
Kolkata,Standard,4626,1,2,2,14,21083782.54
Ahmedabad,Premium,3555,5,2,2,0,28213638.19
Chennai,Budget,1159,4,2,1,30,5792300.23
Hyderabad,Budget,3082,2,1,3,8,12233684.79
Pune,Premium,1629,2,2,3,22,15315496.07
Bangalore,Standard,2774,5,2,5,25,20197673.58
Hyderabad,Premium,4966,1,2,2,39,30626461.68
Hyderabad,Standard,1968,2,2,1,43,7802562.55
Mumbai,Premium,2602,1,1,1,38,44108509.12
Ahmedabad,Standard,3766,5,1,4,17,16816021.52
Bangalore,Standard,2971,2,1,1,32,15734237.2
Kolkata,Standard,1651,3,1,4,40,6415484.21
Pune,Standard,592,4,2,2,38,4465787.4
Bangalore,Budget,3066,1,2,2,13,16957153.71
Kolkata,Standard,1781,1,2,2,0,9238838.02
Hyderabad,Premium,3400,1,2,2,12,32696750.03
Pune,Budget,3299,1,2,2,14,14151552.67
Kolkata,Premium,3677,5,2,2,36,22218402.44
Chennai,Budget,3104,5,1,5,4,16332160.9
Kolkata,Budget,4381,5,2,1,13,13857867.66
Mumbai,Standard,2913,5,2,3,13,37642682.26
Ahmedabad,Budget,2044,2,1,3,45,4080550.55
Hyderabad,Premium,4030,5,1,2,4,44954284.78
Kolkata,Standard,3146,2,2,3,10,14808847.63
Ahmedabad,Standard,2558,3,1,4,31,9389206.55
Delhi,Standard,1645,5,2,3,4,19637847.24
Delhi,Budget,1410,3,2,2,35,8776857.49
Ahmedabad,Premium,3806,5,2,3,14,26050371.84
Ahmedabad,Standard,2066,3,2,1,6,9050448.03
Mumbai,Standard,2895,4,2,2,4,47069765.7
Chennai,Standard,3505,3,2,4,29,17688453.54
Hyderabad,Standard,4748,2,1,1,14,23878817.52
Bangalore,Standard,591,1,2,2,29,4268344.58
Mumbai,Budget,4492,3,2,4,13,40841746.82
Chennai,Premium,830,1,2,1,23,7875264.52
Ahmedabad,Budget,1454,4,1,4,23,5705370.99
Bangalore,Standard,4280,4,2,1,34,24832097.84
Ahmedabad,Budget,3101,2,1,3,4,10032475.12
Ahmedabad,Budget,3477,2,2,3,11,10707016.31
Delhi,Standard,4789,3,2,3,19,37764863.27
Delhi,Standard,1029,5,2,2,45,7881569.85
Bangalore,Budget,3392,4,1,3,4,22004175.92
Mumbai,Standard,1766,1,1,2,35,16239875.94
Delhi,Budget,1973,5,2,2,20,13213194.25
Hyderabad,Standard,2097,4,2,5,47,7366448.85
Ahmedabad,Premium,3025,3,2,4,38,16826349.76
Pune,Standard,4261,4,2,4,2,31043486.54
Kolkata,Budget,3242,2,1,1,28,8375070.86
Bangalore,Standard,4925,1,1,2,24,30627671.89
Bangalore,Budget,969,1,2,2,26,5601979.09
Delhi,Budget,4330,2,2,3,35,21807097.88
Mumbai,Standard,1033,5,2,1,21,13864098.11
Ahmedabad,Premium,4555,2,2,1,37,21569499.35
Hyderabad,Budget,4179,1,2,2,34,12245460.4
Mumbai,Standard,4587,3,1,1,0,69719560.3
Chennai,Budget,1261,5,1,5,2,8574701.68
Chennai,Standard,1390,4,1,1,23,9166816.47
Pune,Standard,2855,3,2,4,7,21694144.19
Delhi,Budget,2455,5,2,5,47,12277302.92
Delhi,Standard,3471,1,2,2,38,20796394.93
Delhi,Standard,2172,1,1,2,17,18012515.66
Pune,Standard,3336,3,2,4,40,14579492.89
Chennai,Standard,4144,5,2,3,2,29852160.27
Mumbai,Standard,2797,4,2,2,17,39079982.62
Pune,Budget,4561,4,2,1,15,21419712.5
Pune,Standard,3666,2,1,1,31,18947746.85
Mumbai,Standard,1819,3,1,3,0,31351912.75
Delhi,Standard,683,5,1,2,25,7164082.98
Hyderabad,Standard,1783,3,2,3,47,6344012.7
Mumbai,Standard,3346,4,1,2,11,45683357.08
Chennai,Budget,2733,5,2,5,37,9427973.93
Bangalore,Budget,4588,1,1,2,20,20434650.92
Ahmedabad,Standard,1932,1,2,2,40,5816392.96
Bangalore,Standard,3640,5,2,4,12,26349379.67
Kolkata,Premium,2296,3,1,4,11,19727633.04
Kolkata,Standard,2555,3,2,4,12,13489697.65
Pune,Standard,3836,1,1,2,17,19808613.17
Ahmedabad,Standard,1282,1,2,2,18,4958691.31
Bangalore,Standard,2007,4,2,1,18,14798491.7
Hyderabad,Premium,4354,5,2,5,5,42228210.58
Delhi,Premium,1176,3,1,4,47,12801448.83
Chennai,Budget,2330,4,2,5,6,13024375.74
Kolkata,Standard,4590,3,2,4,6,22735726.37
Hyderabad,Standard,4806,1,2,2,27,19809321.48
Chennai,Premium,1860,5,2,4,27,17505628.82
Chennai,Premium,3186,2,1,3,18,30606811.44
Delhi,Budget,690,5,2,3,15,6698630.03
Ahmedabad,Standard,1342,2,1,3,16,5774847.56
Pune,Standard,834,4,1,3,21,7086982.32
Bangalore,Standard,1610,2,2,3,18,11975654.21
Delhi,Budget,1078,2,1,3,47,5307920.66
Hyderabad,Premium,561,4,1,5,28,6057329.5
Pune,Premium,886,5,2,5,47,6964229.43
Hyderabad,Standard,1669,4,2,4,18,10316016.44
Pune,Standard,2700,1,1,2,46,10919776.14
Ahmedabad,Standard,2183,1,2,2,34,7184353.37
Kolkata,Standard,986,2,2,2,46,3304224.3
Hyderabad,Standard,4232,4,2,5,24,22100409.95
Delhi,Budget,1040,4,2,3,47,5531866.79
Pune,Standard,2560,4,2,3,19,14620846.72
Pune,Premium,4746,5,1,3,36,34153273.29
Chennai,Standard,1738,3,2,4,18,10896421.72
Chennai,Budget,1490,3,2,2,41,5215092.08
Mumbai,Standard,4967,3,2,4,12,62393436.09
Hyderabad,Budget,2799,5,2,4,46,8594382.65
Chennai,Premium,4407,4,2,5,11,47552653.98
Mumbai,Standard,4788,3,2,4,48,41195629.05
Kolkata,Premium,1580,4,1,1,14,13377366.68
Kolkata,Standard,697,2,1,2,3,4844855.3
Chennai,Budget,2694,3,2,3,14,11782409.97
Hyderabad,Budget,2098,2,2,3,16,8942503.91
Pune,Standard,2100,5,2,4,26,14229032.24
Bangalore,Standard,4192,1,1,2,10,32185990.78
Ahmedabad,Budget,4365,5,1,2,22,11648157.34
Hyderabad,Standard,1183,5,1,4,14,8318267.3
Ahmedabad,Premium,3583,5,2,2,30,22408809.37
Delhi,Standard,4489,3,2,4,25,33584438.97
Kolkata,Standard,832,2,2,3,6,5929526.14
Chennai,Standard,2271,3,2,1,12,13917511.04
Chennai,Standard,4700,1,1,2,12,25580990.47
Ahmedabad,Standard,3221,5,2,3,19,14098077.0
Pune,Standard,1306,4,2,2,33,7155776.01
Ahmedabad,Premium,1564,1,2,2,9,11534051.45
Delhi,Standard,1388,2,1,2,49,7208165.46
Pune,Budget,3423,1,2,2,36,11300209.51
Delhi,Standard,820,3,1,4,26,7286110.25
Bangalore,Standard,4457,4,2,2,33,23761715.59
Kolkata,Budget,2882,3,2,4,35,8322851.4
Chennai,Budget,3731,5,2,1,15,15940704.24
Chennai,Standard,2811,5,2,4,20,15619273.78
Bangalore,Premium,4101,1,1,2,15,52164606.77
Mumbai,Budget,2000,5,2,1,16,20490722.0
Kolkata,Budget,2068,5,2,4,14,8796627.22
Pune,Budget,3781,2,2,3,12,18459633.34
Bangalore,Budget,2019,2,2,1,32,9357003.5
Pune,Standard,2418,3,1,4,4,16359019.51
Ahmedabad,Standard,4589,3,2,1,26,15501804.33
Hyderabad,Premium,2365,2,1,2,0,23047883.99
Chennai,Standard,1905,1,2,2,43,6993714.85
Pune,Standard,3223,2,1,3,29,17552989.77
Delhi,Standard,504,3,1,1,22,5449554.66
Pune,Standard,1668,4,1,2,14,12559422.94
Hyderabad,Budget,2898,5,2,4,35,9133455.01
Kolkata,Standard,3130,4,2,3,18,13338420.47
Chennai,Standard,847,4,2,2,29,5569315.18
Ahmedabad,Premium,4720,5,1,2,15,30761406.96
Bangalore,Standard,2313,2,2,3,17,18027304.62
Ahmedabad,Budget,3842,1,1,2,25,9146506.76
Hyderabad,Standard,3074,4,1,1,16,16475493.15
Chennai,Budget,4325,1,1,2,10,17785350.3
Pune,Standard,552,3,2,3,44,3684802.17
Kolkata,Standard,648,4,1,1,28,4205879.27
Mumbai,Standard,1002,3,1,2,8,15581298.38
Kolkata,Standard,1369,2,2,3,48,4610851.68
Mumbai,Budget,4021,4,1,4,16,38031888.43
Delhi,Standard,4814,3,2,3,26,39292587.76
Kolkata,Budget,4371,3,1,4,36,11261262.0
Chennai,Standard,1800,2,2,1,21,9022733.27
Mumbai,Budget,2999,1,2,2,7,30966357.37
Bangalore,Premium,4533,1,2,2,2,71844679.88
Chennai,Budget,3789,4,1,5,37,12095553.54
Bangalore,Standard,4353,2,2,3,34,26216253.3
Kolkata,Standard,2951,4,2,4,31,10785868.39
Bangalore,Standard,4885,1,1,1,7,38051847.74
Mumbai,Budget,838,2,1,1,43,6305201.05
Chennai,Premium,3324,5,2,3,26,28902145.48
Pune,Standard,2193,2,2,2,31,11185820.97
Hyderabad,Budget,1486,2,1,3,35,4539602.16
Mumbai,Standard,3990,5,2,1,33,38436314.46
Mumbai,Premium,3233,3,2,4,24,68116181.08
Pune,Standard,4267,3,2,3,30,22768388.08
Chennai,Standard,4576,3,2,2,41,19198688.49
Chennai,Budget,2506,1,1,2,46,6532513.73
Ahmedabad,Budget,3607,2,2,3,12,11530212.71
Kolkata,Standard,4968,5,1,2,14,23010492.47
Bangalore,Budget,3830,1,1,2,49,12015931.6
Kolkata,Standard,3541,5,2,4,12,18393520.11
Pune,Premium,1030,1,2,1,32,9088308.76
Kolkata,Standard,1423,1,2,2,30,5485908.93
Pune,Standard,4618,1,2,2,24,22320018.41
Chennai,Premium,740,5,2,5,47,6849445.97
Bangalore,Budget,2396,4,2,5,39,9435287.38
Kolkata,Budget,3824,1,1,1,22,9702290.37
Mumbai,Standard,1313,3,2,3,37,14165048.79
Delhi,Standard,1282,2,2,1,2,15678973.82
Ahmedabad,Budget,4555,4,2,5,15,14695956.25
Hyderabad,Budget,507,4,2,5,1,5352062.6
Mumbai,Budget,4273,5,1,2,22,39096135.05
Chennai,Standard,3639,4,1,5,33,18292613.12
Hyderabad,Budget,4289,5,2,5,29,14748793.22
Delhi,Standard,4551,5,2,1,46,26156768.5
Delhi,Standard,1017,3,2,2,9,11651899.31
Bangalore,Premium,3690,1,1,2,0,52287859.26
Hyderabad,Premium,3602,4,2,3,21,33200301.94
Bangalore,Standard,3216,1,2,2,46,15577314.03
Mumbai,Standard,1078,1,1,2,32,12297019.23
Pune,Premium,4982,1,2,2,24,46249611.83
Pune,Budget,2365,5,2,3,21,12496647.77
Pune,Premium,1876,1,2,2,15,19125401.4
Hyderabad,Standard,3438,4,2,1,29,14744865.54
Pune,Standard,1405,5,2,5,17,10416557.35
Mumbai,Budget,1464,4,2,2,23,14830493.9
Bangalore,Standard,2476,5,2,5,4,24316320.97
Hyderabad,Premium,2387,2,2,3,36,16853130.93
Bangalore,Standard,2947,2,2,3,22,20716415.01
Hyderabad,Budget,1491,2,2,3,41,4543288.58
Bangalore,Budget,4056,2,2,3,26,16739052.12
Delhi,Standard,4459,5,2,3,11,40860447.33
Bangalore,Standard,4104,1,2,2,9,31768882.31
Pune,Budget,1583,3,2,4,33,7192409.71
Delhi,Premium,934,3,2,4,32,14147273.17
Bangalore,Standard,520,2,2,2,15,4900359.17
Hyderabad,Standard,3422,1,1,2,28,13121928.66
Hyderabad,Premium,2425,4,2,3,17,24165510.14
Ahmedabad,Standard,1972,1,2,2,26,6357433.49
Hyderabad,Standard,1599,4,1,3,6,10758267.77
Chennai,Standard,3137,3,1,3,35,12674825.4
Mumbai,Budget,889,1,2,2,26,8120232.49
Hyderabad,Standard,3913,1,2,2,9,20376956.54
Delhi,Budget,3115,3,2,1,9,20630356.78
Ahmedabad,Premium,1854,1,2,2,10,13618282.62
Hyderabad,Standard,505,4,1,3,29,3920890.78
Chennai,Premium,690,1,2,2,2,8188309.33
Pune,Budget,647,4,2,4,28,4750353.82
Delhi,Budget,4853,2,2,3,13,33588558.65
Chennai,Standard,4050,1,1,2,12,21424556.66
Pune,Budget,4605,4,1,3,18,18332596.5
Kolkata,Standard,1610,3,2,1,24,6637958.41
Kolkata,Budget,4333,2,1,3,9,14228504.97
Delhi,Budget,1124,1,1,1,14,8131800.96
Bangalore,Budget,4625,4,2,3,27,20184205.95
Mumbai,Standard,2675,1,2,2,39,25191358.76
Ahmedabad,Premium,3649,4,2,5,48,14480049.94
Mumbai,Standard,1578,1,1,1,37,15244315.93
Chennai,Premium,4051,2,2,2,6,38838022.49
Pune,Standard,2852,2,1,3,13,19241699.64
Mumbai,Standard,1045,1,1,2,29,12404360.4
Pune,Standard,1695,1,2,2,39,7380358.98
Pune,Premium,2569,5,1,5,11,32430326.21
Chennai,Premium,3858,1,2,2,27,29513201.18
Chennai,Standard,2938,1,2,2,49,8933365.92
Chennai,Budget,1116,2,1,1,13,5859378.35
Mumbai,Standard,4744,1,1,2,0,69596093.47
Kolkata,Standard,3843,3,1,2,3,20557432.59
Chennai,Budget,2311,1,2,2,48,5987604.26
Ahmedabad,Standard,671,5,2,5,17,6171317.47
Mumbai,Standard,4642,4,1,2,35,49397469.54
Chennai,Standard,1125,2,1,3,31,5497566.09
Hyderabad,Standard,4563,3,1,1,27,21173892.95
Pune,Budget,2754,4,2,1,27,10403263.76
Ahmedabad,Premium,952,3,1,1,37,5792698.1
Chennai,Standard,1918,2,1,3,31,9252273.91
Delhi,Premium,1253,5,1,5,7,25527455.58
Pune,Standard,3872,2,2,3,24,21902019.5
Pune,Budget,3223,3,2,2,46,9831840.16
Chennai,Standard,3510,3,2,4,19,20707832.08
Kolkata,Premium,3411,2,2,3,32,21692393.72
Bangalore,Standard,1725,1,2,2,29,10673059.2
Kolkata,Premium,667,2,2,1,36,4968575.11
Chennai,Premium,4185,5,1,3,15,43122397.4
Pune,Budget,585,2,2,3,24,3945424.77
Ahmedabad,Budget,2177,4,1,1,37,5945044.54
Delhi,Budget,2482,1,2,2,41,10281365.0
Ahmedabad,Budget,1986,4,1,4,9,7677327.23
Ahmedabad,Standard,941,2,1,3,4,5770806.21
Pune,Premium,770,1,2,1,7,8794117.66
Kolkata,Budget,843,4,1,4,32,3945627.02
Delhi,Budget,1706,4,2,5,36,10659868.3
Mumbai,Budget,3581,1,1,2,0,35067824.1
Hyderabad,Standard,1757,1,1,2,30,8272909.9
Pune,Standard,2791,3,1,4,6,21361488.88
Chennai,Budget,2032,1,2,2,46,5225979.14
Mumbai,Budget,3922,2,2,2,22,35478348.43
Hyderabad,Budget,4862,5,2,2,23,15832715.0
Chennai,Premium,2153,3,1,4,13,23719018.15
Ahmedabad,Standard,738,1,2,2,22,3459726.59
Bangalore,Standard,1414,5,2,1,8,14411673.08
Chennai,Budget,1938,3,1,4,7,9413740.49
Delhi,Premium,3516,2,2,3,7,63006946.47
Delhi,Premium,1960,5,2,3,2,40386373.38
Bangalore,Budget,3579,1,1,2,31,13785126.59
Mumbai,Premium,2758,1,2,2,3,78377748.2
Hyderabad,Budget,866,2,2,3,48,3141323.91
Chennai,Standard,3491,3,2,4,37,15371749.3
Delhi,Budget,4241,5,2,2,1,34726889.49
Mumbai,Standard,585,2,1,3,8,9885001.22
Bangalore,Budget,2993,3,1,4,45,10857369.55
Kolkata,Budget,631,4,2,2,0,4502204.45
Pune,Premium,1403,4,2,5,48,10458407.66
Kolkata,Premium,3956,3,2,4,10,31924524.5
Kolkata,Standard,1721,1,1,1,28,6510165.23
Delhi,Standard,2263,1,2,2,25,16900859.31
Ahmedabad,Budget,3304,4,2,1,26,8456608.93
Ahmedabad,Standard,1726,1,2,2,37,5565604.33
Bangalore,Standard,1784,1,1,2,28,10399349.93
Chennai,Premium,1189,3,2,4,32,10524244.35
Ahmedabad,Budget,4935,3,2,4,27,11595129.54
Kolkata,Budget,2496,1,2,1,30,6471639.28
Ahmedabad,Standard,4881,3,2,1,18,19638257.1
Kolkata,Standard,1609,5,2,4,47,6320184.09
Hyderabad,Premium,929,4,1,4,25,8797605.44
Delhi,Standard,4626,5,2,5,49,25008695.66
Delhi,Standard,4281,5,2,3,28,36290973.3
Chennai,Premium,1102,1,1,2,10,12730734.25
Ahmedabad,Standard,939,1,2,2,40,2939488.24
Ahmedabad,Standard,1484,5,1,4,31,7013150.27
Pune,Standard,2418,5,2,2,20,14751300.98
Mumbai,Standard,1027,2,2,1,37,10934107.8
Hyderabad,Premium,4905,2,2,3,33,30642656.59
Delhi,Budget,3496,4,2,4,39,18697318.11
Hyderabad,Budget,3967,5,2,1,21,15438824.9
Delhi,Standard,1861,3,2,3,47,10710911.14
Hyderabad,Premium,1203,2,2,3,26,10824985.04
Bangalore,Budget,1162,1,2,2,7,7138860.55
Kolkata,Budget,864,5,2,2,39,3483558.51
Delhi,Standard,1422,3,2,1,45,8950273.25
Hyderabad,Standard,4356,3,2,1,30,18798644.18
Ahmedabad,Premium,675,3,1,2,0,6480765.77
Mumbai,Standard,1435,1,2,2,38,14328051.82
Bangalore,Premium,881,2,2,3,33,10003538.84
Bangalore,Standard,805,3,2,2,46,4951809.55
Mumbai,Standard,2890,2,2,3,23,33282265.76
Hyderabad,Standard,2703,4,2,5,27,12188142.19
Ahmedabad,Standard,1965,1,1,2,49,4458747.32
Chennai,Standard,3771,2,2,3,3,23592762.28
Mumbai,Standard,902,2,2,3,17,13410344.33
Hyderabad,Premium,3170,3,1,3,28,26416439.43
Mumbai,Premium,2301,3,2,2,22,47418648.6
Mumbai,Budget,3150,1,2,2,36,22957063.71
Delhi,Premium,676,2,2,3,26,9776207.53
Hyderabad,Budget,1242,5,2,4,15,6922837.05
Chennai,Budget,2848,3,2,2,44,8113291.16
Kolkata,Standard,4902,3,2,4,26,19239392.61
Delhi,Standard,1250,4,2,3,8,15479832.79
Mumbai,Standard,1368,1,1,2,4,21868335.85
Kolkata,Budget,4562,2,2,1,7,13580717.31
Pune,Budget,4467,2,2,3,17,19383367.74
Kolkata,Budget,713,2,1,2,34,2773429.96
Mumbai,Premium,2117,3,1,2,5,56679021.92
Mumbai,Standard,3030,1,2,2,42,29766743.59
Ahmedabad,Standard,3833,2,2,3,22,12319258.44
Hyderabad,Standard,2097,5,2,2,45,8795384.87
Hyderabad,Premium,1011,4,2,4,25,9724442.15
Delhi,Premium,752,4,2,1,38,10433080.71
Chennai,Budget,4633,2,2,3,23,17322466.23
Delhi,Standard,1128,3,2,1,9,11878932.82
Bangalore,Standard,3976,4,2,3,14,33090017.19
Mumbai,Standard,1486,4,2,2,37,14668440.34
Kolkata,Budget,2225,4,1,1,19,7173769.1
Pune,Budget,2593,4,2,1,28,11335107.36
Mumbai,Standard,2201,2,2,3,5,30906239.68
Mumbai,Premium,804,1,1,2,47,11852973.61
Delhi,Standard,4578,1,1,2,8,45236955.89
Pune,Budget,2780,3,1,3,49,8122429.42
Pune,Standard,4840,5,1,1,4,36089836.77
Pune,Standard,3307,1,2,2,47,12893457.88
Delhi,Standard,3386,5,2,4,38,25024383.31
Mumbai,Standard,3954,1,1,2,18,54077645.71
Delhi,Budget,1524,1,2,2,4,11806708.19
Hyderabad,Standard,4812,3,2,4,19,23041627.25
Hyderabad,Premium,3475,4,2,2,10,35423547.42
Delhi,Premium,1006,3,2,1,49,9707702.78
Pune,Standard,3451,1,2,2,26,16180046.16
Ahmedabad,Budget,1553,4,1,5,28,5821102.74
Mumbai,Standard,3174,4,2,1,6,51656448.51
Delhi,Budget,3067,4,2,3,49,12436372.82
Delhi,Budget,2404,5,2,5,2,19119447.38
Delhi,Standard,4870,1,2,1,4,47971401.37
Ahmedabad,Premium,3394,2,1,3,12,22681882.71
Ahmedabad,Premium,1600,3,2,3,15,11778718.5
Bangalore,Budget,4161,5,2,4,11,24829576.67
Hyderabad,Premium,2136,3,2,4,38,13938910.05
Kolkata,Standard,1955,2,2,3,26,7943618.18
Pune,Standard,4113,4,1,3,44,17818982.02
Chennai,Budget,538,2,2,3,32,3171821.17
Ahmedabad,Premium,3584,3,2,4,14,22491968.0
Kolkata,Standard,4739,2,2,3,20,18872735.0
Ahmedabad,Standard,3231,1,2,2,43,7549632.18
Pune,Standard,2915,2,2,3,16,19389284.16
Chennai,Budget,1258,1,1,2,36,3937581.06
Bangalore,Premium,4842,2,2,3,48,40636978.8
Delhi,Budget,3616,1,2,2,14,24598654.55
Bangalore,Standard,1264,1,2,1,19,9338679.69
Ahmedabad,Standard,2922,2,2,3,18,11015322.06
Bangalore,Standard,1814,5,2,3,0,19515784.99
Kolkata,Standard,4802,4,2,2,3,22213068.69
Mumbai,Premium,4495,4,2,4,2,114443806.18
Ahmedabad,Standard,4529,4,2,2,7,18556707.39
Ahmedabad,Standard,4193,1,1,2,40,10993897.04
Kolkata,Standard,3685,4,2,5,43,11076823.55
Hyderabad,Standard,3366,1,2,1,4,20881373.16
Chennai,Budget,1817,5,2,1,8,9443645.19
Delhi,Standard,1200,2,1,1,0,14325147.26
Kolkata,Premium,4883,2,2,1,42,22045614.17
Chennai,Standard,2701,1,2,1,29,12064949.84
Pune,Budget,2093,1,2,1,6,9652381.18
Chennai,Budget,4487,5,1,1,21,18903700.18
Pune,Standard,4645,4,2,1,19,24189056.92
Kolkata,Budget,1730,5,2,1,28,6578927.64
Ahmedabad,Standard,3112,2,2,3,26,10292605.79
Ahmedabad,Standard,3637,2,2,1,24,13197900.56
Hyderabad,Budget,2408,4,1,4,45,6547056.43
Kolkata,Budget,2290,2,1,1,34,5391229.97
Pune,Standard,3428,1,1,2,26,18047558.35
Chennai,Budget,1588,2,2,3,10,7595604.15
Chennai,Premium,2881,3,1,1,16,27736025.1
Pune,Budget,4627,4,2,1,30,15466538.08
Bangalore,Standard,3445,4,2,5,17,27024546.69
Hyderabad,Premium,4069,4,1,4,18,34911297.59
Mumbai,Standard,1665,3,2,2,49,13004992.75
Ahmedabad,Standard,1100,5,2,3,37,5349571.9
Delhi,Standard,2525,1,2,2,28,17732151.16
Chennai,Standard,2084,4,2,1,14,13358388.9
Delhi,Premium,1487,2,2,3,6,27813362.1
Mumbai,Standard,2465,1,2,1,36,26604373.17
Kolkata,Standard,1939,2,2,2,36,6385163.69
Delhi,Standard,1368,1,2,2,6,14706825.98
Mumbai,Standard,2563,1,2,2,21,30804043.56
Ahmedabad,Budget,1629,2,2,3,11,5898098.7
Pune,Budget,4878,2,2,3,7,22695538.67
Bangalore,Budget,4956,1,1,2,17,22751977.62
Ahmedabad,Standard,4229,4,2,1,27,14280944.56
Chennai,Budget,2434,2,1,3,17,10437930.39
Mumbai,Premium,1576,3,2,4,30,31543498.26
Delhi,Premium,2139,3,2,2,16,31290324.33
Chennai,Standard,1892,1,1,2,22,9316356.67
Bangalore,Budget,530,5,2,5,10,6172221.74
Pune,Standard,1203,1,2,1,14,7614892.26
Kolkata,Premium,1368,1,2,2,29,8183847.87
Chennai,Premium,732,4,2,2,30,7556925.13
Kolkata,Budget,1450,4,2,5,5,8056996.29
Mumbai,Standard,558,5,2,5,11,10096505.33
Bangalore,Standard,3318,5,2,5,22,25101853.97
Delhi,Standard,4100,5,2,3,38,30236557.12
Bangalore,Standard,3649,5,2,2,39,17985152.53
Bangalore,Standard,801,5,1,5,35,6228717.45
Hyderabad,Standard,3350,1,1,2,34,13065155.1
Bangalore,Budget,3444,1,2,1,2,19037020.17
Bangalore,Standard,2423,3,2,4,41,13843397.33
Ahmedabad,Standard,816,3,2,2,27,4049622.76
Chennai,Premium,2388,2,1,3,14,22830833.06
Delhi,Standard,3215,1,2,2,12,26656271.56
Ahmedabad,Standard,2381,5,2,4,18,10501604.53
Ahmedabad,Standard,4398,2,2,3,39,11391400.47
Chennai,Premium,4613,4,2,3,17,42627235.18
Chennai,Budget,1678,1,2,2,30,5561683.4
Mumbai,Standard,4355,3,2,4,36,44490547.87
Chennai,Standard,4955,1,1,1,20,23299444.42
Hyderabad,Budget,831,1,2,2,38,3106914.66
Hyderabad,Standard,1027,1,2,2,4,6566863.2
Ahmedabad,Budget,2559,1,2,2,16,6857865.38
Kolkata,Standard,1598,4,1,4,18,7690538.64
Mumbai,Standard,711,3,2,3,3,13586082.46
Kolkata,Budget,2214,1,2,2,25,6366008.53
Kolkata,Standard,3188,4,2,5,23,12751038.25
Ahmedabad,Standard,2830,2,2,2,38,7798134.23
Pune,Budget,3766,1,1,1,37,12564835.92
Ahmedabad,Standard,1532,4,1,1,45,5035845.74
Delhi,Standard,1832,5,2,5,18,17832388.11
Delhi,Standard,2340,2,2,3,29,18330695.32
Chennai,Budget,2638,3,1,1,25,9644930.7
Chennai,Budget,4591,1,1,2,10,16724742.9
Pune,Standard,943,1,2,2,38,4993934.61
Chennai,Standard,4674,4,2,3,2,31947904.77
Delhi,Budget,1998,3,2,4,21,13096625.67
Kolkata,Premium,1426,5,2,3,16,13696727.33
Ahmedabad,Standard,1122,2,2,3,10,6061020.31
Bangalore,Budget,1979,3,2,1,46,6598092.11
Hyderabad,Budget,3537,1,1,2,38,8744760.83
Bangalore,Budget,3885,4,2,3,46,13373208.31
Bangalore,Standard,3818,5,2,5,26,23603320.52
Delhi,Premium,733,4,2,2,48,8540593.24
Bangalore,Standard,2117,2,2,2,42,10149429.13
Ahmedabad,Standard,3191,3,2,4,28,10602541.47
Pune,Standard,2530,4,2,2,11,18669710.19
Mumbai,Budget,886,4,2,5,12,12489677.95
Chennai,Premium,2134,1,2,2,10,22314524.2
Mumbai,Budget,4633,4,2,5,30,37447720.96
Kolkata,Standard,1684,5,2,2,10,10563289.6
Ahmedabad,Standard,2467,3,1,3,40,7649548.72
Ahmedabad,Premium,740,2,1,3,42,3926004.71
Hyderabad,Standard,1061,4,1,2,35,5450064.4
Ahmedabad,Premium,2499,5,1,5,1,21726398.88
Chennai,Budget,2429,2,2,3,22,9401991.48
Ahmedabad,Budget,3279,5,2,1,35,7587244.12
Bangalore,Standard,2175,4,2,2,13,18586107.93
Hyderabad,Standard,3015,4,1,1,36,11477214.28
Chennai,Budget,2177,3,2,1,48,5665519.05
Pune,Standard,4641,1,2,2,26,22432703.86
Pune,Premium,4246,5,1,1,11,43712196.68
Pune,Standard,3856,1,2,1,28,20309123.37
Pune,Budget,2151,1,2,2,5,10959918.57
Bangalore,Premium,4677,2,2,3,43,42296887.7
Ahmedabad,Standard,4341,2,1,3,46,10389513.76
Mumbai,Budget,2941,5,2,5,22,27391544.69
Chennai,Premium,1094,1,1,2,9,12118951.5
Bangalore,Premium,3112,3,1,4,33,30946487.18
Pune,Standard,4596,1,2,2,43,17870962.55
Kolkata,Budget,1996,2,2,3,11,7624663.37
Ahmedabad,Standard,4055,1,1,2,31,13110097.87
Mumbai,Budget,3858,4,2,4,25,35453716.97
Kolkata,Standard,2101,4,1,4,6,10926158.99
Hyderabad,Premium,1414,3,2,2,31,10339622.8
Kolkata,Budget,2344,5,2,3,32,7808677.92
Hyderabad,Standard,2495,1,1,2,17,11268979.24
Hyderabad,Standard,594,4,2,1,34,3652129.79
Pune,Standard,992,5,2,4,19,7810677.34
Hyderabad,Standard,3569,4,2,5,30,15778382.18
Delhi,Premium,649,5,1,5,4,14669493.08
Chennai,Premium,1546,5,1,4,31,14059069.07
Chennai,Standard,3303,4,2,2,46,13534887.45
Pune,Budget,898,2,2,3,41,3623553.98
Delhi,Standard,4976,5,2,5,18,41892927.81
Kolkata,Budget,1051,1,1,2,0,4578537.46
Bangalore,Standard,794,4,1,2,6,8024130.73
Kolkata,Standard,1643,2,2,3,21,8246628.84
Ahmedabad,Premium,955,4,2,1,49,4697155.55
Bangalore,Premium,2053,3,2,4,33,23881591.2
Hyderabad,Standard,668,1,1,2,9,4363193.15
Mumbai,Budget,2446,3,1,4,46,16227939.42
Bangalore,Budget,753,5,2,1,41,4566434.04
Mumbai,Budget,2876,5,2,2,25,27464683.0
Chennai,Standard,1820,3,2,4,31,9775009.27
Mumbai,Budget,3383,3,1,2,41,22617197.35
Chennai,Standard,4107,5,2,2,26,21461712.88
Delhi,Premium,2625,2,2,3,11,46531998.26
Delhi,Budget,3996,1,2,2,39,19411988.59
Pune,Standard,2740,4,2,5,22,15920971.09
Pune,Premium,900,3,1,4,13,10739740.67
Hyderabad,Standard,2656,1,2,2,33,9787266.86
Bangalore,Standard,2876,4,2,2,16,21279051.35
Hyderabad,Budget,862,4,2,3,5,6621533.5
Chennai,Standard,4438,3,1,4,26,19768033.35
Hyderabad,Budget,4351,2,1,3,7,17479387.47
Mumbai,Premium,3912,2,2,2,32,76035414.78
Chennai,Standard,2806,1,2,2,34,12917062.91
Pune,Standard,584,1,2,2,46,2907559.47
Delhi,Standard,2324,5,1,2,16,20816258.58
Pune,Standard,4385,2,1,3,25,24920334.54
Bangalore,Budget,807,1,2,1,6,5026592.86
Chennai,Budget,4857,5,1,2,45,13677975.24
Chennai,Budget,2421,4,2,1,23,9159830.27
Mumbai,Budget,1130,1,2,2,24,9433013.05
Bangalore,Budget,2871,5,2,2,34,13950301.94
Delhi,Standard,3800,2,2,1,25,31360855.71
Kolkata,Budget,4167,4,2,5,49,8300834.93
Chennai,Standard,1226,1,2,2,4,8737640.24
Chennai,Standard,2148,2,2,2,46,7970777.64
Mumbai,Standard,4812,4,1,2,37,43084735.79
Hyderabad,Standard,1769,3,2,4,34,8704110.52
Ahmedabad,Standard,818,2,1,3,29,3865461.32
Delhi,Budget,3975,3,2,1,49,16538589.49
Pune,Standard,3278,1,1,1,24,17091107.59
Bangalore,Premium,3558,5,1,1,23,43207190.4
Chennai,Standard,4634,1,1,2,29,20337696.44
Chennai,Premium,2102,2,2,3,19,19439765.23
Pune,Premium,2756,3,1,2,2,33160159.78
Delhi,Standard,1329,3,1,3,31,11717634.44
Ahmedabad,Standard,1355,4,2,5,7,7825173.45
Hyderabad,Standard,3148,1,2,2,49,9112504.11
Chennai,Budget,2358,1,2,2,46,6288727.39
Ahmedabad,Budget,1602,2,1,1,22,4310469.3
Delhi,Standard,2981,3,1,4,45,19222536.17
Pune,Standard,2320,2,2,3,15,13357961.57
Mumbai,Standard,2579,2,1,2,34,28015123.88
Hyderabad,Budget,3658,3,1,1,24,11914615.81
Bangalore,Premium,2940,2,2,3,14,34862802.12
Chennai,Premium,4184,3,1,4,7,47490182.87
Delhi,Budget,1755,2,2,2,33,9839817.58
Mumbai,Standard,3457,5,2,5,24,38348564.74
Bangalore,Premium,4151,2,2,3,48,30728358.73
Kolkata,Standard,2739,2,1,3,43,7868596.33
Delhi,Budget,2439,5,2,4,18,16587604.77
Delhi,Budget,769,1,1,2,42,3816873.93
Bangalore,Budget,4564,3,2,4,49,14591586.47
Mumbai,Standard,4275,4,2,4,12,58194983.45
Kolkata,Standard,1612,5,2,1,45,5609395.46
Ahmedabad,Budget,1148,1,2,2,11,4199516.15
Ahmedabad,Budget,1679,2,2,1,14,5069517.76
Pune,Standard,2642,1,1,2,22,14747115.54
Mumbai,Budget,516,5,1,5,39,5742167.51
Hyderabad,Premium,616,2,2,3,1,7852655.76
Chennai,Standard,2045,1,1,2,39,7690034.91
Bangalore,Standard,3651,4,1,5,22,23190740.9
Pune,Standard,3193,3,2,1,4,22518943.97
Kolkata,Budget,4589,3,2,4,33,11788320.14
Bangalore,Premium,1776,5,2,2,9,26634008.03
Bangalore,Standard,3740,2,2,3,26,26077312.7
Mumbai,Budget,4288,2,2,2,41,27919192.97
Chennai,Budget,871,3,2,4,3,6643636.31
Hyderabad,Premium,3307,1,2,2,3,30640959.96
Ahmedabad,Standard,655,2,2,3,7,4302373.29
Delhi,Standard,3161,4,1,2,5,31130658.94
Delhi,Premium,964,4,2,3,24,15856860.19
Bangalore,Budget,4815,2,2,2,26,20708111.8
Ahmedabad,Budget,2273,2,2,3,46,4755256.13
Ahmedabad,Premium,616,3,1,3,49,3618480.74
Chennai,Premium,2603,5,2,2,39,17485139.63
Kolkata,Premium,1874,3,2,4,19,15053645.16
Kolkata,Budget,3703,5,2,1,26,10224977.18
Pune,Premium,4903,4,2,5,6,56907594.4
Mumbai,Standard,4046,5,2,1,22,52173987.02
Chennai,Standard,4477,3,2,2,19,24750459.75
Chennai,Standard,4817,2,2,3,48,15525544.4
Mumbai,Premium,1696,5,2,5,33,31905785.52
Ahmedabad,Standard,3911,3,2,3,28,13049786.17
Kolkata,Budget,1296,4,1,5,43,3945952.21
Kolkata,Budget,4392,5,2,2,4,18221339.99
Ahmedabad,Budget,650,4,2,4,26,3742989.13
Kolkata,Premium,3749,4,2,4,11,32594945.54
Bangalore,Standard,611,1,2,2,16,5804063.43
Chennai,Standard,1182,5,1,5,36,6782455.7
Delhi,Standard,1661,3,1,4,33,12237679.42
Mumbai,Budget,2879,5,2,2,29,25245136.38
Kolkata,Standard,660,5,2,1,35,3854915.88
Pune,Premium,1925,4,2,1,5,24158597.22
Kolkata,Budget,4161,4,2,3,31,10375834.05
Kolkata,Budget,777,4,2,2,31,3673057.64
Hyderabad,Premium,3891,4,2,4,8,35313348.95
Bangalore,Standard,2056,3,2,3,21,14471741.61
Mumbai,Standard,2415,2,2,3,9,36122706.96
Hyderabad,Standard,3607,1,2,2,28,16873381.12
Hyderabad,Premium,802,4,1,5,10,9619755.56
Pune,Standard,3273,4,1,4,27,17698444.09
Chennai,Budget,4781,1,1,2,1,20848491.36
Pune,Standard,3745,4,2,2,20,20492235.32
Chennai,Premium,1500,2,2,3,30,13163537.84
Chennai,Standard,4334,5,2,5,40,18874142.13
Mumbai,Standard,4506,1,2,2,16,53940834.21
Kolkata,Budget,2218,3,1,4,26,7458974.47
Mumbai,Standard,4330,1,1,1,29,48698993.7
Bangalore,Premium,3681,2,2,2,40,31006070.57
Chennai,Premium,3382,3,2,3,7,37566524.15
Hyderabad,Budget,1498,5,1,1,36,5491748.83
Kolkata,Standard,784,4,2,4,4,6891825.09
Delhi,Budget,920,1,1,1,25,5575644.09
Bangalore,Standard,2660,3,2,3,5,20722224.88
Mumbai,Standard,3565,1,1,2,15,49141036.41
Pune,Standard,2775,5,1,2,0,21473660.68
Bangalore,Budget,1994,1,2,2,8,12176998.3
Bangalore,Budget,4384,3,2,1,20,19873900.41
Kolkata,Standard,3043,2,2,1,6,15208407.59
Bangalore,Standard,4626,3,2,3,42,22632975.41
Bangalore,Premium,4757,1,1,2,14,63530462.21
Delhi,Standard,2341,5,2,3,23,21288711.58
Ahmedabad,Standard,1221,4,2,5,4,7908286.01
Pune,Budget,1901,4,2,3,37,7020165.6
Pune,Budget,945,5,2,4,28,6276851.89
Pune,Standard,3291,1,1,2,45,12574907.68
Chennai,Standard,4267,5,2,2,45,17566592.54
Hyderabad,Budget,3051,1,2,2,10,11620068.6
Ahmedabad,Budget,2467,3,2,1,3,9263117.49
Pune,Premium,4388,2,2,1,9,49544886.66
Bangalore,Standard,3231,1,2,1,33,18689659.14
Bangalore,Standard,3129,4,1,1,3,27971799.28
Pune,Standard,2464,4,2,5,9,16562136.14
Kolkata,Premium,1557,2,2,3,32,10171958.53
Pune,Premium,1257,1,2,2,45,8930071.0
Bangalore,Standard,2295,2,2,3,17,16527360.47
Chennai,Standard,2143,3,2,2,11,13494072.45
Mumbai,Premium,523,2,1,1,22,12230222.7
Mumbai,Standard,1739,3,2,4,43,15929725.4
Ahmedabad,Budget,4650,4,2,3,24,11817245.51
Ahmedabad,Budget,3597,3,1,3,36,8362193.95
Pune,Standard,1804,1,2,1,3,11540803.09
Delhi,Standard,3042,1,2,1,12,26869425.24
Pune,Budget,4212,1,1,2,17,17422242.16
Kolkata,Standard,4455,1,2,2,28,14610569.12
Pune,Standard,4803,5,2,5,43,20423115.2
Ahmedabad,Standard,4728,3,2,4,29,14873762.2
Mumbai,Premium,1805,1,2,2,47,28452598.38
Bangalore,Standard,4964,2,2,3,37,25612366.86
Pune,Budget,3674,2,2,3,27,13062159.51
Bangalore,Standard,4128,5,1,5,6,34822965.8
Bangalore,Standard,1281,3,1,1,23,8743745.77
Delhi,Budget,1066,3,2,3,40,6459963.85
Bangalore,Premium,4632,3,2,1,9,65051548.99
Mumbai,Standard,4773,5,2,1,36,50526049.85
Chennai,Standard,1138,3,1,4,26,6835620.3
Chennai,Standard,4200,3,1,4,20,23730095.18
Hyderabad,Premium,4667,1,1,2,35,30772385.81
Kolkata,Standard,2899,3,2,4,42,8498713.72
Pune,Standard,3170,1,2,2,28,15037151.98
Kolkata,Standard,1672,1,2,2,6,8840613.61
Mumbai,Standard,2220,3,2,2,12,34001777.62
Bangalore,Standard,604,2,2,1,44,3413230.34
Chennai,Premium,2182,4,2,2,22,22230559.17
Kolkata,Standard,4816,2,2,2,49,12794837.26
Mumbai,Premium,2349,3,1,2,24,48442720.18
Chennai,Budget,1362,3,2,3,40,5243494.37
Bangalore,Standard,3945,2,1,2,44,17459456.19
Kolkata,Standard,3065,3,2,3,12,15423080.46
Chennai,Budget,798,1,1,2,36,3004690.47
Pune,Standard,3408,5,2,4,29,18270626.39
Ahmedabad,Standard,4637,3,2,4,25,17258725.11
Pune,Budget,1270,3,1,3,11,6753672.33
Hyderabad,Budget,3039,2,2,3,0,14861444.43
Hyderabad,Standard,1962,1,1,1,17,8854630.01
Chennai,Premium,4354,2,1,2,20,40952437.43
Ahmedabad,Standard,3618,2,2,3,23,13025801.39
Mumbai,Budget,2632,3,2,4,16,26659439.83
Pune,Premium,2209,1,1,2,41,15676988.11
Mumbai,Standard,1490,3,2,4,8,24923193.47
Ahmedabad,Budget,1210,3,1,4,39,3516178.64
Mumbai,Premium,4804,3,2,4,27,92446801.49
Ahmedabad,Budget,538,3,2,3,14,3474070.43
Chennai,Standard,1775,5,2,3,12,13320933.32
Mumbai,Standard,1936,4,2,3,27,23513037.99
Pune,Premium,3493,1,1,2,16,35599302.35
Bangalore,Budget,1969,5,2,4,8,14643165.54
Hyderabad,Standard,2599,4,2,5,20,15270065.58
Bangalore,Standard,873,4,2,1,29,6476683.28
Mumbai,Standard,4751,4,1,3,10,67412883.5
Bangalore,Budget,4525,5,2,1,29,18813460.92
Pune,Budget,1613,1,2,2,35,6168919.7
Pune,Standard,3226,2,1,3,24,18551901.48
Mumbai,Standard,2898,4,2,1,6,46532701.87
Chennai,Budget,3734,2,2,3,19,15078545.86
Bangalore,Standard,1765,2,2,3,34,10699845.77
Chennai,Standard,3623,3,2,3,9,21814807.07
Chennai,Premium,1153,2,2,3,34,9467936.07
Ahmedabad,Budget,4658,3,1,4,0,14285305.38
Delhi,Standard,1008,1,2,2,13,10979037.72
Mumbai,Standard,2839,1,2,2,44,24442085.06
Hyderabad,Standard,3662,3,2,1,4,23396584.02
Pune,Premium,2187,1,2,2,39,17776960.42
Pune,Standard,1888,4,2,2,43,9277153.31
Mumbai,Premium,2697,1,2,2,37,47647911.53
Ahmedabad,Standard,4411,3,1,4,33,12482622.25
Kolkata,Standard,3428,4,2,2,23,13688350.42
Kolkata,Standard,1015,2,1,1,3,6007405.81
Kolkata,Budget,4158,2,2,3,26,10218732.95
Ahmedabad,Budget,2333,2,2,3,4,7616269.48
Hyderabad,Budget,529,3,1,1,42,2424448.13
Pune,Premium,3714,2,2,3,12,43294580.62
Mumbai,Premium,825,1,2,2,39,15532918.41
Ahmedabad,Standard,4266,2,1,3,20,14164273.12
Pune,Budget,4611,5,1,3,36,16886546.19
Chennai,Budget,610,5,2,5,31,4777251.61
Bangalore,Budget,606,2,2,2,37,3544981.73
Bangalore,Standard,2926,2,2,3,30,17223064.19
Ahmedabad,Standard,4878,5,2,5,31,16996095.99
Pune,Standard,4864,2,1,2,14,29853828.99
Delhi,Premium,3031,4,2,3,47,31191315.29
Hyderabad,Premium,3644,5,1,3,29,27227701.12
Kolkata,Budget,1298,3,1,1,42,3751112.14
Hyderabad,Standard,2937,5,2,3,6,20295307.33
Hyderabad,Standard,2511,1,1,2,37,10156193.49
Ahmedabad,Premium,925,4,2,3,30,6547208.48
Chennai,Budget,3544,3,2,4,43,10027191.47
Hyderabad,Standard,3788,2,2,3,25,16731025.83
Bangalore,Standard,3414,1,2,2,35,19504927.1
Chennai,Budget,1739,1,2,2,45,5163111.21
Mumbai,Standard,3891,4,2,1,42,33459233.77
Hyderabad,Standard,4713,3,1,1,25,22814415.58
Hyderabad,Premium,4497,1,2,2,43,27161895.35
Mumbai,Premium,3506,3,1,3,1,90680433.49
Hyderabad,Budget,3539,3,2,4,42,9337486.02
Mumbai,Budget,1098,1,1,2,44,6564548.56
Chennai,Standard,2587,3,2,4,42,10892191.76
Bangalore,Standard,1684,4,2,1,8,13979783.54
Mumbai,Standard,3250,1,2,2,47,27660993.56
Delhi,Premium,3084,4,2,5,4,59440152.86
Ahmedabad,Standard,4013,4,2,2,26,14040210.47
Ahmedabad,Standard,4554,3,1,3,11,16857690.53
Mumbai,Standard,4883,3,2,4,34,51370101.95
Ahmedabad,Budget,4436,1,2,2,28,9766799.26
Hyderabad,Standard,2199,2,2,2,15,13057709.57
Kolkata,Premium,3075,1,1,2,18,21464691.95
Kolkata,Standard,635,4,2,5,48,3070642.45
Ahmedabad,Budget,2525,3,2,1,42,5582474.47
Chennai,Standard,4035,4,2,2,26,21260379.71
Pune,Premium,3390,5,1,3,17,33315408.59
Chennai,Standard,3257,5,2,4,40,13921896.33
Pune,Budget,4273,4,1,4,12,20801956.07
Kolkata,Standard,880,2,2,3,29,3954166.18
Kolkata,Budget,2028,2,1,3,25,5630551.12
Mumbai,Budget,4128,1,2,2,5,44109154.5
Bangalore,Budget,1348,1,1,2,2,8959862.99
Delhi,Standard,4627,1,2,2,22,39838060.55
Chennai,Standard,2427,3,2,1,11,14705835.27
Hyderabad,Premium,2665,2,2,3,40,16772031.76
Pune,Budget,4786,4,2,5,40,15385248.65
Ahmedabad,Standard,2621,5,2,4,14,13006879.24
Hyderabad,Premium,3418,2,1,3,0,36745961.47
Bangalore,Standard,972,2,2,2,49,4813575.09
Pune,Standard,2287,2,2,3,46,8932545.24
Chennai,Standard,613,1,1,2,7,4775166.48
Mumbai,Standard,1836,3,2,4,30,21455650.21
Hyderabad,Standard,838,4,2,5,10,6794061.56
Bangalore,Budget,2785,1,2,2,16,13363997.09
Chennai,Standard,1696,3,2,4,26,10355880.47
Kolkata,Standard,578,2,2,3,30,3695965.74
Kolkata,Standard,3152,3,1,2,26,11725718.65
Chennai,Standard,4880,1,2,2,13,26171805.82
Chennai,Budget,4818,2,2,2,22,16145272.09
Chennai,Standard,3140,1,2,2,4,18494285.59
Pune,Standard,1756,4,2,4,29,10359392.25
Chennai,Premium,1327,2,2,3,33,10598544.52
Hyderabad,Budget,3218,3,1,3,46,8307946.72
Bangalore,Standard,3310,1,2,2,18,23117280.49
Pune,Budget,3885,5,2,5,30,16226326.76
Chennai,Premium,2465,3,2,4,15,26220532.19
Delhi,Standard,2927,3,2,1,44,16364223.27
Ahmedabad,Standard,3341,2,2,1,26,10376142.4
Delhi,Budget,1113,3,2,4,25,8652731.94
Bangalore,Standard,1062,1,1,2,38,6395669.64
Kolkata,Budget,4852,5,2,4,28,13723708.66
Mumbai,Standard,684,4,2,5,48,6674392.08
Mumbai,Standard,2692,5,2,5,38,29775955.5
Ahmedabad,Premium,4565,1,2,1,43,18426797.74
Kolkata,Budget,745,2,2,2,44,2208061.61
Pune,Standard,4586,1,2,2,28,24455162.2
Pune,Budget,2734,3,2,4,44,9120997.73
Pune,Budget,1365,2,1,3,45,4633533.48
Mumbai,Budget,2587,4,2,3,46,14868255.32
Delhi,Standard,1100,4,2,4,30,10137317.26
Mumbai,Standard,3533,1,2,2,1,55607785.65
Hyderabad,Budget,2556,3,2,4,5,12731375.5
Chennai,Premium,2631,4,2,4,8,29100284.74
Pune,Standard,1032,5,1,1,14,9105871.78
Delhi,Premium,2542,2,1,2,19,36477269.46
Bangalore,Standard,857,5,2,5,47,5306997.67
Ahmedabad,Premium,877,4,1,4,1,9008523.72
Bangalore,Premium,2719,4,2,4,2,43052062.43
Chennai,Standard,4988,1,1,2,29,23149156.58
Delhi,Standard,3807,1,2,2,7,38555441.93
Mumbai,Standard,3096,2,1,2,39,27078856.24
Mumbai,Premium,1283,1,2,2,20,31139602.88
Hyderabad,Standard,2879,3,1,4,38,10928402.58
Hyderabad,Premium,4103,2,2,3,42,23394529.76
Mumbai,Standard,1482,3,2,4,12,22620631.69
Bangalore,Standard,4442,1,1,2,39,21117527.49
Ahmedabad,Standard,3090,2,1,3,40,8569755.47
Pune,Budget,1542,4,2,4,47,5417883.87
Bangalore,Standard,3038,5,2,1,36,16719753.44
Ahmedabad,Budget,1361,4,1,2,31,4305619.58
Hyderabad,Standard,2376,3,2,3,13,13518992.16
Chennai,Standard,2335,4,2,5,0,17068176.74
Ahmedabad,Standard,4708,4,2,5,26,16206519.18
Mumbai,Premium,4026,5,1,3,23,90383014.56
Hyderabad,Standard,2185,5,2,5,48,7825231.78
Hyderabad,Standard,3901,4,2,3,21,19974992.01
Pune,Standard,2122,5,2,2,13,15580983.54
Mumbai,Premium,3157,4,1,5,44,52577446.32
Pune,Premium,2432,2,2,2,7,30290033.18
Mumbai,Budget,1007,4,2,4,26,9634483.72
Pune,Standard,3978,1,2,2,2,24870224.33
Ahmedabad,Premium,3156,5,2,4,32,18519333.74
Bangalore,Standard,1621,5,1,4,46,9406432.09
Chennai,Standard,789,3,2,4,20,5829110.39
Chennai,Budget,3329,3,2,3,31,11569944.55
Mumbai,Premium,2709,1,2,2,39,48011363.67
Delhi,Standard,1900,5,1,5,40,14411888.5
Kolkata,Budget,1066,5,2,2,44,3958570.93
Hyderabad,Premium,1973,3,2,3,43,11605064.71
Hyderabad,Standard,2487,3,2,1,40,8725495.55
Mumbai,Budget,4287,4,2,1,31,32255247.82
Ahmedabad,Standard,4365,5,2,3,23,14750844.72
Pune,Standard,3760,5,1,1,10,26692149.68
Delhi,Premium,4047,4,2,3,36,43998581.91
Bangalore,Premium,3751,5,2,2,20,41682874.56
Pune,Standard,2216,1,2,2,17,12316762.86
Pune,Budget,1512,3,1,4,10,8748369.48
Mumbai,Standard,1810,3,1,1,26,21750272.87
Mumbai,Budget,1117,3,1,3,42,8455914.43
Ahmedabad,Budget,4757,2,2,2,37,10411015.52
Hyderabad,Standard,2482,1,1,2,0,14717179.57
Mumbai,Premium,2728,1,1,1,28,48848775.1
Mumbai,Standard,968,4,2,1,20,14586201.85
Mumbai,Budget,4616,2,2,1,28,38451143.46
Ahmedabad,Budget,4855,5,1,2,8,14059591.82
Hyderabad,Premium,1639,1,2,2,6,15805577.52
Bangalore,Standard,1936,2,1,1,37,11281649.2
Bangalore,Standard,1036,2,2,2,30,7023223.91
Kolkata,Budget,1451,1,2,1,26,4320519.0
Kolkata,Premium,3313,4,2,4,41,18991842.23
Mumbai,Standard,3506,2,2,2,31,34613198.72
Kolkata,Budget,4494,3,1,3,4,16457402.3
Hyderabad,Standard,2340,2,1,2,32,9342835.86
Ahmedabad,Standard,1350,5,2,1,14,6827551.6
Bangalore,Premium,2471,1,1,2,4,36458699.67
Pune,Standard,1691,5,1,5,19,11073934.33
Bangalore,Standard,4420,4,2,3,37,25492899.59
Bangalore,Budget,2562,3,2,3,36,10261498.8
Hyderabad,Standard,3546,1,1,2,16,15820197.85
Kolkata,Standard,4899,2,2,3,49,11374251.2
Pune,Standard,4058,3,1,3,3,29818912.39
Hyderabad,Premium,804,2,1,1,20,7372385.75
Mumbai,Standard,3347,4,2,2,33,34237615.95
Ahmedabad,Budget,2935,1,2,1,39,5795760.1
Chennai,Budget,3304,4,1,2,4,16336818.55
Bangalore,Standard,2484,4,1,5,3,20395944.25
Chennai,Standard,4436,4,2,3,21,25430477.42
Ahmedabad,Premium,1212,4,2,2,13,11137450.44
Ahmedabad,Budget,3395,2,2,3,3,11167026.76
Hyderabad,Premium,2181,5,1,3,7,22836323.03
Hyderabad,Budget,1833,2,2,3,2,9758761.23
Hyderabad,Standard,3698,3,2,1,45,12275415.88
Chennai,Budget,674,4,1,2,28,4265858.2
Hyderabad,Budget,3705,3,2,4,25,11658826.11
Ahmedabad,Budget,1916,2,2,3,49,3850062.31
Mumbai,Standard,2487,4,2,1,29,31051092.69
Hyderabad,Standard,2272,2,1,3,11,12179004.9
Delhi,Standard,4766,4,2,5,14,42021852.53
Kolkata,Budget,1574,2,2,3,40,4406632.0
Chennai,Premium,1091,1,1,1,1,13733658.74
Delhi,Budget,3478,5,2,4,0,26544134.67
Hyderabad,Budget,4482,5,1,2,46,11977596.02
Ahmedabad,Standard,2910,4,1,2,46,7996047.16
Mumbai,Budget,1347,1,2,2,27,12545850.91
Bangalore,Standard,993,3,2,3,39,6799897.89
Pune,Standard,1045,1,2,2,34,5656726.15
Kolkata,Standard,2786,4,2,5,33,11492723.39
Pune,Standard,3197,1,2,1,3,20026510.55
Hyderabad,Budget,4337,3,2,4,17,17716753.5
Kolkata,Standard,2040,4,1,2,11,9866054.89
Kolkata,Standard,1383,5,1,4,49,4534708.13
Mumbai,Standard,4456,1,1,1,20,56419617.3
Kolkata,Budget,3594,5,2,4,9,12977454.57
Chennai,Premium,2865,5,2,1,20,28811236.22
Delhi,Budget,3847,2,2,2,39,18687982.28
Delhi,Standard,3571,3,2,2,24,27510370.25
Delhi,Standard,4175,1,2,1,49,20140747.64
Chennai,Standard,1452,5,2,3,16,10427791.89
Pune,Standard,3800,5,2,1,5,28675962.48
Mumbai,Budget,4235,3,1,2,13,43420779.1
Kolkata,Standard,3679,5,1,4,36,11911629.5
Chennai,Budget,3463,5,2,5,39,12430421.16
Delhi,Premium,4527,5,2,4,39,49626497.05
Hyderabad,Standard,3747,5,2,2,17,19407316.83
Bangalore,Budget,4915,2,2,3,29,19622748.46
Kolkata,Budget,3857,2,2,3,8,12878947.07
Chennai,Standard,3204,4,2,3,13,20038121.21
Ahmedabad,Standard,1537,1,2,1,45,4101379.8
Chennai,Standard,570,3,1,4,45,3527896.65
Mumbai,Standard,3374,4,1,4,16,46391396.78
Mumbai,Budget,605,2,2,2,33,5331525.7
Chennai,Budget,1269,2,1,1,45,3799541.93
Delhi,Standard,2509,2,2,1,21,19391513.7
Bangalore,Budget,3440,4,2,4,31,15890843.14
Kolkata,Standard,2692,2,2,3,11,12458335.35
Mumbai,Standard,3995,4,1,4,15,49268391.04
Kolkata,Standard,4811,2,1,3,21,17887712.83
Delhi,Standard,4855,5,2,4,37,35674337.51
Kolkata,Standard,1433,5,1,3,49,5109164.16
Hyderabad,Standard,1074,1,2,1,38,4828724.89
Mumbai,Standard,4430,2,1,3,1,66459383.6
Delhi,Premium,4880,1,2,2,44,54822397.76
Delhi,Budget,4587,4,2,2,7,31737256.06
Bangalore,Standard,3031,1,2,2,43,15430151.4
Bangalore,Premium,2919,2,2,1,0,42127623.32
Hyderabad,Budget,569,4,1,2,40,2703154.52
Delhi,Budget,4974,4,2,5,39,24996014.94
Pune,Budget,1802,5,2,1,40,7261794.15
Delhi,Standard,4314,4,2,5,4,47747750.6
Bangalore,Premium,2849,4,2,2,44,23666656.34
Pune,Standard,754,1,1,2,45,3492229.35
Mumbai,Premium,2207,4,2,5,35,38772136.63
Mumbai,Budget,1333,3,1,3,16,12426912.89
Kolkata,Premium,3264,5,2,5,40,19666077.7
Chennai,Standard,2971,5,1,5,29,15426704.23
Bangalore,Standard,4242,4,2,5,14,35403518.81
Chennai,Standard,2535,1,1,2,19,12986476.59
Pune,Budget,2467,5,1,4,35,10516652.09
Bangalore,Standard,599,5,2,2,1,8397982.86
Hyderabad,Premium,2352,3,1,1,44,14194051.51
Delhi,Standard,3683,4,2,2,3,37111405.86
Hyderabad,Standard,2855,5,2,2,49,10430379.13
Pune,Premium,611,5,2,4,23,9066943.2
Bangalore,Standard,3658,5,2,2,47,17076417.59
Ahmedabad,Standard,682,5,1,2,41,3656512.46
Pune,Budget,4352,1,2,2,1,20866048.56
Ahmedabad,Budget,664,2,2,3,45,2339570.75
Delhi,Budget,2637,3,2,3,1,23017810.77
Mumbai,Budget,2523,1,2,2,49,13597560.39
Mumbai,Standard,954,3,2,3,0,17466046.46
Pune,Premium,2785,5,2,1,12,30819708.63
Chennai,Standard,1041,3,2,4,5,8772757.2
Bangalore,Budget,3165,4,2,5,21,18106534.02
Bangalore,Budget,2949,4,2,3,16,16055264.35
Mumbai,Budget,4433,2,2,3,48,23180344.34
Kolkata,Premium,3386,2,1,3,21,24553170.18
Hyderabad,Budget,4792,3,2,2,42,12284252.3
Kolkata,Standard,4404,1,2,2,5,20047152.58
Delhi,Premium,2188,1,1,2,2,37253404.12
Hyderabad,Standard,2137,5,1,1,45,7453671.81
Hyderabad,Premium,4582,1,2,1,5,42367036.56
Pune,Standard,2390,2,1,3,16,15286588.1
Mumbai,Standard,3705,1,2,1,34,36875120.25
Kolkata,Standard,977,5,1,1,48,3900201.59
Kolkata,Standard,2866,4,1,2,49,7289548.78
Mumbai,Budget,3026,1,2,1,36,19571778.2
Kolkata,Standard,866,1,1,1,46,2385921.38
Ahmedabad,Standard,2336,2,1,3,34,7678230.17
Mumbai,Budget,2215,3,1,1,22,18772760.78
Pune,Budget,512,4,1,3,7,5317710.1
Chennai,Premium,1035,3,2,3,6,12545568.95
Hyderabad,Standard,3739,5,2,4,49,12136570.32
Pune,Standard,2817,5,2,3,9,19907333.98
Bangalore,Premium,4542,3,1,2,25,48869556.97
Delhi,Standard,875,2,2,3,9,10597132.6
Chennai,Budget,2224,2,2,1,18,9822820.15
Bangalore,Premium,756,2,1,3,22,8998066.23
Hyderabad,Budget,2764,4,1,2,30,9627856.37
Kolkata,Budget,949,5,2,4,32,4859113.71
Mumbai,Budget,1393,5,1,4,1,19709446.78
Hyderabad,Standard,3712,5,1,1,27,16650609.07
Pune,Budget,1684,4,2,5,31,7297327.12
Delhi,Standard,3723,5,2,3,32,27946964.11
Pune,Standard,1808,3,2,2,8,12974311.71
Chennai,Premium,1416,1,1,2,28,12567667.5
Chennai,Premium,647,4,2,3,14,9469208.92
Delhi,Budget,2614,1,2,2,17,15074069.16
Ahmedabad,Standard,4516,3,2,2,17,18251212.03
Bangalore,Standard,4440,2,1,3,6,38051893.77
Bangalore,Premium,4571,2,2,3,13,64199516.82
Chennai,Standard,3295,2,2,2,28,16502979.69
Chennai,Premium,942,4,2,4,49,7257701.05
Kolkata,Budget,3444,2,2,3,18,9661745.46
Mumbai,Premium,4436,4,2,3,4,127974106.41
Kolkata,Premium,898,4,1,4,40,6039425.37
Kolkata,Standard,1651,1,2,2,49,4136094.69
Ahmedabad,Standard,4292,2,1,3,44,10492237.22
Bangalore,Standard,3495,5,2,2,4,31608104.42
Ahmedabad,Standard,2716,2,1,2,14,10679604.73
Ahmedabad,Budget,2207,2,1,3,25,6372393.96
Delhi,Standard,3831,2,1,3,23,31019966.37
Bangalore,Premium,2487,5,2,1,18,30785921.6
Mumbai,Standard,3068,5,1,3,19,37651704.34
Pune,Budget,660,4,2,1,42,3312630.84
Chennai,Standard,4935,5,2,3,8,27800120.79
Chennai,Premium,4404,4,2,1,27,36195599.23
Mumbai,Budget,4073,1,1,2,15,34147260.03
Ahmedabad,Standard,3677,4,1,4,10,17235665.97
Kolkata,Standard,2325,2,2,1,33,8339903.54
Delhi,Premium,4424,3,1,4,24,64321749.55
Ahmedabad,Premium,2123,3,2,4,39,10624780.53
Chennai,Standard,1676,2,2,3,20,9267146.1
Hyderabad,Standard,4220,4,2,1,4,26007862.18
Kolkata,Standard,3720,2,2,2,10,17444724.69
Chennai,Standard,3759,5,2,4,42,14185446.96
Hyderabad,Standard,630,4,1,1,8,5200943.24
Ahmedabad,Budget,4062,2,1,3,10,13013220.3
Mumbai,Budget,1999,5,2,1,36,14936456.65
Mumbai,Budget,3288,5,2,2,40,20650826.08
Kolkata,Premium,4208,4,2,5,0,34397042.77
Chennai,Premium,2207,1,1,2,25,19811276.63
Bangalore,Standard,2269,1,1,2,9,18516038.78
Hyderabad,Premium,1818,5,1,4,39,12863519.17
Delhi,Budget,3879,1,2,2,18,21865818.54
Chennai,Premium,3273,5,1,4,15,33093594.21
Delhi,Standard,3490,1,2,1,44,19590409.36
Chennai,Standard,3544,5,2,3,36,15574239.47
Bangalore,Standard,875,5,2,3,49,5196139.42
Bangalore,Premium,3536,5,1,4,40,29851165.54
Kolkata,Standard,1160,5,2,3,3,9156245.31
Kolkata,Standard,1903,3,2,4,13,10209054.05
Bangalore,Budget,1240,1,2,1,29,6244979.94
Pune,Premium,803,5,2,1,6,11941036.09
Bangalore,Budget,1585,2,1,3,11,10520906.45
Mumbai,Budget,3679,4,1,2,23,34767567.18
Mumbai,Standard,1710,2,1,2,38,16183026.52
Pune,Budget,3534,2,1,1,42,9965744.23
Ahmedabad,Premium,728,3,1,4,21,6507964.09
Hyderabad,Budget,3619,1,2,2,46,8794938.17
Ahmedabad,Standard,2354,3,2,4,29,9462620.22
Delhi,Standard,767,1,2,1,38,5731171.56
Ahmedabad,Standard,3274,5,2,3,19,13537065.37
Chennai,Premium,3349,3,2,3,25,28438562.04
Ahmedabad,Budget,4849,4,2,2,48,8480805.49
Chennai,Premium,2634,1,2,2,4,30764093.4
Pune,Standard,3959,3,1,2,39,18675250.9
Mumbai,Standard,2769,4,2,5,41,24243149.69
Kolkata,Budget,1489,2,1,2,5,6168262.88
Chennai,Standard,4992,5,2,3,33,22637270.74
Mumbai,Standard,1437,5,1,5,4,23737840.78
Hyderabad,Standard,939,2,2,3,9,7172926.62
Delhi,Budget,2858,3,1,4,27,16752368.01
Hyderabad,Premium,2507,2,2,3,2,25489217.26
Pune,Premium,3845,4,2,1,12,41582011.26
Ahmedabad,Standard,4630,1,1,2,47,10152273.61
Ahmedabad,Budget,4243,3,1,3,46,7603588.21
Bangalore,Premium,1018,1,2,1,1,14444841.51
Bangalore,Standard,768,2,2,3,34,5079600.98
Bangalore,Standard,4685,5,1,4,49,21469087.94
Hyderabad,Budget,1888,1,2,2,46,4909470.35
Chennai,Budget,2194,1,2,2,27,8035527.62
Delhi,Standard,3773,5,2,4,36,28045034.09
Bangalore,Standard,1889,1,1,2,22,13852008.61
Pune,Standard,4365,1,2,2,42,18575668.16
Pune,Premium,3529,5,2,5,22,34826642.27
Bangalore,Standard,2835,5,2,2,34,16302696.87
Ahmedabad,Standard,4174,2,2,3,40,10910971.13
Bangalore,Standard,1000,2,1,1,38,5993359.47
Delhi,Budget,2161,1,2,2,31,12289959.28
Bangalore,Standard,2599,3,2,4,1,24401371.09
Delhi,Standard,602,2,1,3,46,4313591.69
Pune,Standard,3246,2,1,1,43,13143897.79
Bangalore,Standard,3776,3,1,1,47,17166725.14
Hyderabad,Standard,3585,3,1,4,15,20759217.99
Kolkata,Standard,4037,5,2,1,15,19400039.12
Hyderabad,Standard,1827,2,2,3,2,12678793.9
Pune,Budget,2974,4,2,5,27,12549484.75
Delhi,Budget,2179,4,1,1,28,12352192.32
Hyderabad,Standard,4246,1,2,2,19,18196404.37
Delhi,Premium,3062,2,2,3,35,33853460.59
Hyderabad,Standard,4663,4,2,5,32,18019130.07
Hyderabad,Standard,3817,2,2,3,21,20083607.19
Delhi,Premium,2936,2,2,3,7,47247352.42
Chennai,Budget,807,4,1,1,46,2952643.84
Hyderabad,Budget,4496,2,1,1,23,14437479.61
Bangalore,Budget,1589,3,2,4,36,7522888.13
Kolkata,Premium,2894,1,2,2,19,21899440.86
Pune,Budget,4504,5,2,3,11,19695413.79
Chennai,Budget,1166,4,1,3,19,6893292.01
Delhi,Standard,4663,5,2,2,19,38302088.11
Chennai,Standard,2734,1,1,2,3,18681538.01
Mumbai,Budget,1736,3,2,1,29,14695338.76
Mumbai,Standard,2123,3,2,2,30,24772422.89
Hyderabad,Standard,1874,3,2,3,21,9896833.1
Hyderabad,Standard,3811,3,2,1,14,20451415.93
Bangalore,Standard,676,4,1,2,37,5323425.39
Kolkata,Premium,1853,4,1,1,36,10108598.32
Pune,Budget,3428,2,1,3,27,11583232.43
Chennai,Standard,1125,2,2,1,10,8443688.12
Mumbai,Standard,3154,1,1,2,13,41845450.56
Hyderabad,Premium,4108,2,2,3,10,41945246.76
Ahmedabad,Standard,4215,1,2,2,8,17667849.33
Ahmedabad,Premium,4774,1,1,2,23,26695149.56
Pune,Premium,894,1,1,2,9,9869475.54
Chennai,Standard,1668,3,2,4,37,8909709.8
Hyderabad,Standard,697,5,2,5,42,4679190.72
Hyderabad,Standard,1468,5,2,4,40,6742353.38
Mumbai,Premium,4408,4,1,2,36,80728329.49
Mumbai,Standard,3655,1,1,2,41,30357803.1
Hyderabad,Premium,3004,3,2,3,31,24030903.54
Delhi,Budget,1776,2,2,2,19,10731667.68
Hyderabad,Standard,4667,2,2,3,13,22966370.05
Pune,Standard,4818,4,2,1,37,19737376.44
Hyderabad,Standard,1769,4,2,5,3,11905039.25
Bangalore,Premium,1864,1,1,1,23,21540223.47
Kolkata,Budget,1423,1,1,2,31,4067523.81
Bangalore,Standard,970,2,1,3,9,9297785.59
Bangalore,Standard,3516,2,2,3,42,18276453.87
Delhi,Standard,2554,2,2,3,15,22935245.26
Delhi,Premium,4783,2,2,2,38,55244072.08
Ahmedabad,Budget,2551,5,2,2,31,7971644.96
Hyderabad,Standard,3454,1,2,2,17,16629989.21
Bangalore,Standard,1648,1,2,2,24,10607214.47
Delhi,Premium,3586,2,1,3,6,62702461.72
Mumbai,Premium,1459,3,2,1,46,21601652.07
Hyderabad,Budget,1129,2,1,3,17,4937737.14
Pune,Standard,1274,4,2,3,46,6545441.6
Kolkata,Standard,859,3,1,4,17,5785838.57
Chennai,Premium,1017,4,2,2,2,13710277.53
Hyderabad,Standard,1843,3,1,2,0,13026808.3
Chennai,Standard,2469,4,1,2,32,11164197.05
Bangalore,Standard,3727,2,2,1,6,30002220.92
Kolkata,Standard,3399,2,1,2,9,15887196.07
Chennai,Standard,1434,3,2,4,43,6545036.47
Bangalore,Standard,2486,4,2,5,7,20170078.55
Mumbai,Budget,876,5,2,1,31,9027378.29
Chennai,Premium,4060,3,2,2,22,38603072.88
Kolkata,Standard,2274,3,2,4,16,11330075.64
Ahmedabad,Standard,2005,1,2,2,13,7734371.82
Hyderabad,Standard,3154,3,2,3,16,15406616.86
Bangalore,Standard,1510,5,2,1,24,11224997.55
Hyderabad,Budget,3977,2,2,3,20,12711884.08
Kolkata,Standard,1730,4,1,3,5,10839415.47
Delhi,Standard,1677,1,2,2,19,15399706.11
Bangalore,Standard,4357,4,2,3,48,20041188.51
Chennai,Premium,2595,2,2,2,19,26216315.1
Bangalore,Premium,2172,3,1,2,25,23149676.71
Hyderabad,Budget,2428,5,2,5,31,9676975.63
Mumbai,Premium,4339,1,2,1,7,102375799.61
Bangalore,Standard,3678,5,2,2,44,16818357.78
Chennai,Standard,4768,5,1,2,47,15620523.22
Delhi,Standard,3053,5,2,3,43,21270767.44
Ahmedabad,Standard,2945,5,2,3,28,11012818.87
Pune,Standard,4889,2,1,3,16,25738163.06
Mumbai,Premium,1051,5,1,4,17,26984857.93
Ahmedabad,Standard,3397,5,1,5,39,9969672.64
Delhi,Standard,1539,2,1,1,17,12635997.52
Bangalore,Standard,1384,4,2,3,10,13508582.77
Hyderabad,Standard,3551,2,2,1,44,11120542.37
Kolkata,Standard,4729,3,2,3,11,23231411.34
Hyderabad,Premium,4097,2,2,2,14,37281187.52
Ahmedabad,Standard,3055,4,2,1,25,10334501.59
Chennai,Premium,1589,3,2,4,2,18550463.01
Hyderabad,Budget,958,3,2,3,2,6399323.32
Mumbai,Standard,4754,1,2,2,37,44385136.45
Hyderabad,Standard,2507,5,2,2,34,11483763.08
Chennai,Standard,2420,3,1,3,8,16498864.86
Pune,Premium,1503,3,1,1,42,12024111.06
Bangalore,Standard,3583,4,1,3,39,20016449.17
Kolkata,Premium,2614,3,1,2,3,24422737.93
Ahmedabad,Premium,3089,4,1,5,19,19444119.91
Bangalore,Standard,2643,5,2,5,14,20308432.87
Hyderabad,Standard,4810,1,2,2,28,21332637.46
Delhi,Budget,2741,1,1,2,4,18870426.45
Bangalore,Standard,2586,5,1,3,38,14970947.8
Pune,Standard,1438,5,1,2,39,8027095.85
Hyderabad,Standard,4801,2,2,2,6,26145424.45
Kolkata,Premium,4470,3,1,3,7,33248741.72
Chennai,Standard,4499,3,2,4,31,21367187.72
Pune,Standard,3908,3,2,4,35,19563211.85
Hyderabad,Standard,1270,4,2,1,32,6005450.11
Pune,Standard,748,2,2,1,36,4317020.44
Bangalore,Budget,872,3,1,3,31,4994657.62
Kolkata,Budget,3426,4,1,1,42,7338632.6
Chennai,Standard,4357,4,1,4,35,17718713.66
Hyderabad,Standard,1201,1,1,2,33,4903391.68
Mumbai,Standard,2685,4,2,5,48,23841552.64
Ahmedabad,Standard,1441,5,2,1,24,6938507.05
Chennai,Standard,4414,4,1,1,43,18110698.76
Mumbai,Standard,1293,5,2,3,31,15117198.31
Pune,Budget,1177,5,2,3,1,9784007.09
Delhi,Standard,2061,1,2,2,8,20402669.31
Chennai,Standard,4553,1,2,2,37,16870037.71
Pune,Standard,952,4,1,1,28,5815206.65
Mumbai,Budget,2966,1,2,2,37,21011632.1
Bangalore,Standard,4156,1,1,2,17,30487037.23
Bangalore,Standard,4646,3,2,2,21,32890262.88
Delhi,Standard,4254,4,2,1,34,30855810.97
Ahmedabad,Budget,709,4,2,3,14,4166840.13
Chennai,Premium,2426,4,1,3,6,25211999.6
Chennai,Budget,4466,1,1,2,12,15806973.58
Chennai,Standard,2377,1,1,2,41,8396046.53
Ahmedabad,Standard,1126,5,2,2,35,5479759.78
Pune,Standard,3226,2,2,1,15,20883549.9
Kolkata,Standard,1958,2,2,2,40,6149751.46
Kolkata,Premium,3324,2,1,3,20,24419543.93
Delhi,Budget,1750,3,2,2,27,10118970.82
Chennai,Standard,4863,1,1,2,9,26257754.29
Pune,Standard,2663,5,1,2,18,15889979.75
Bangalore,Premium,2123,5,2,4,16,26359803.46
Mumbai,Standard,2353,2,1,3,0,34919121.77
Pune,Standard,1253,3,2,3,12,9301800.78
Ahmedabad,Standard,2368,3,2,1,35,7507134.63
Kolkata,Standard,681,2,2,3,46,2734499.08
Kolkata,Standard,2013,2,2,1,41,6425382.55
Bangalore,Budget,1402,1,1,1,19,6994534.35
Bangalore,Standard,3844,3,2,4,40,22090645.33
Ahmedabad,Budget,3953,5,2,4,39,9691990.43
Mumbai,Premium,4107,2,2,3,5,116694921.44
Bangalore,Standard,3056,1,2,2,22,20471897.85
Delhi,Standard,2639,5,2,4,41,18508525.07
Mumbai,Standard,4744,3,2,3,23,53080830.43
Bangalore,Budget,2664,2,2,3,48,9351605.92
Hyderabad,Premium,3112,2,2,3,4,30015114.86
Pune,Premium,2521,1,2,1,31,19743891.44
Bangalore,Budget,3321,1,1,2,45,9890970.61
Delhi,Standard,2781,3,2,2,16,25318994.21
Chennai,Standard,2070,2,2,3,10,12596914.62
